x	y	key	showSelected1
6.26240666396916	1.51704340521246	1	1
2.02403507707641	8.28495421633124	2	1
7.15838269330561	7.60341997421347	3	1
9.93257899465971	1.81239008367993	4	1
9.69952657655813	7.1894452071283	6	1
7.04284804244526	4.10743030114099	7	1
3.65119940973818	6.31079569272697	8	1
5.54906532680616	9.18157780007459	12	1
6.73213700437918	9.97175478003919	14	1
7.19020085036755	6.86987585108727	15	1
6.76171692507342	4.03718668571673	16	1
4.22096823807806	3.23297882732004	17	1
1.92326498939656	2.69672273588367	18	1
3.0511312650051	4.91762386308983	21	1
1.72471734834835	9.9029068981763	22	1
8.39456579950638	5.09080258035101	23	1
6.32002579211257	7.04556126659736	24	1
4.15077379299328	6.31066462909803	26	1
1.05455190478824	6.41255368827842	27	1
8.330556004541	9.56857698131353	28	1
1.01061305892654	2.22072569280863	29	1
2.80621164361946	3.04484000336379	30	1
5.50095435511321	1.81612501782365	31	1
3.91152996057645	3.802575774258	32	1
4.12105158111081	6.23056891839951	33	1
5.9093854194507	9.96302973013371	34	1
1.36441024765372	5.62667223252356	35	1
4.99462523916736	7.80505655822344	36	1
7.21882428904064	3.97326215356588	37	1
8.41466182935983	6.25669163512066	38	1
6.46108035417274	6.90014075557701	39	1
8.77688962849788	7.48705358081497	41	1
5.34026363003068	9.25485733873211	42	1
7.96715943911113	7.16628418350592	43	1
9.37315294868313	1.59020615462214	44	1
5.28679099585861	2.89412002358586	45	1
9.25206986558624	6.25711731007323	46	1
4.2868835455738	6.57176029682159	47	1
4.84092371584848	4.90912131918594	48	1
6.29292850103229	2.83916984428652	49	1
1.99260905897245	9.60670170956291	50	1
7.38507362618111	6.00611003814265	51	1
8.37256178236567	3.23512917524204	52	1
7.77609662804753	7.93412520200945	53	1
3.63316974532791	9.25282795215026	55	1
8.69236824568361	7.99851256818511	56	1
1.77169884182513	3.36860472825356	57	1
5.9437990935985	5.79924704413861	58	1
9.27325991820544	6.34858938399702	59	1
9.23618989530951	5.63142358348705	61	1
3.58619192941114	7.95117679052055	62	1
7.60798494936898	5.93742112535983	64	1
4.97660236828961	2.20932514150627	65	1
9.29585640178993	8.42564798146486	68	1
1.09787105349824	8.93162619951181	69	1
8.57206166628748	1.42831612587906	70	1
1.77292206743732	6.73541932413355	71	1
6.70950382482261	6.11001512315124	72	1
4.79553529946134	5.72607484413311	73	1
5.74427193286829	9.26542636961676	75	1
5.82450771774165	5.45509176608175	77	1
2.06016100221314	3.20246287854388	78	1
6.63905330002308	7.76024546427652	79	1
5.9760536942631	5.2985126809217	81	1
6.82354895281605	3.41942294570617	82	1
1.41895241895691	5.98678228096105	83	1
6.17474290984683	5.67500852653757	84	1
4.51289909821935	9.71991611341946	85	1
2.27487657801248	7.99901200179011	86	1
1.54253763426095	8.8719568264205	87	1
3.84960516402498	8.16147773945704	88	1
1.75455668265931	2.5625111553818	89	1
1.7864344958216	5.27794028026983	91	1
8.58643524721265	7.07151806144975	92	1
2.60640466352925	4.18082328676246	93	1
5.41963291261345	6.4559543216601	94	1
2.92419478669763	7.66807960555889	96	1
9.56083874125034	7.83763795881532	97	1
5.37184763024561	9.35248561878689	98	1
1.15510757500306	8.09709088248201	100	1
2.02403507707641	8.28495421633124	2	2
7.15838269330561	7.60341997421347	3	2
9.93257899465971	1.81239008367993	4	2
5.81494226050563	6.6644504708238	5	2
9.69952657655813	7.1894452071283	6	2
7.04284804244526	4.10743030114099	7	2
3.65119940973818	6.31079569272697	8	2
4.22526686149649	2.25784263969399	9	2
2.57783277775161	2.41977545595728	10	2
5.93935647537001	5.22408495144919	11	2
5.54906532680616	9.18157780007459	12	2
2.74452825216576	3.69644587649964	13	2
7.19020085036755	6.86987585108727	15	2
6.76171692507342	4.03718668571673	16	2
1.92326498939656	2.69672273588367	18	2
2.64597630314529	4.16442270181142	20	2
3.0511312650051	4.91762386308983	21	2
1.72471734834835	9.9029068981763	22	2
8.39456579950638	5.09080258035101	23	2
7.96050116955303	3.95454673212953	25	2
4.15077379299328	6.31066462909803	26	2
1.05455190478824	6.41255368827842	27	2
8.330556004541	9.56857698131353	28	2
1.01061305892654	2.22072569280863	29	2
2.80621164361946	3.04484000336379	30	2
3.91152996057645	3.802575774258	32	2
4.12105158111081	6.23056891839951	33	2
5.9093854194507	9.96302973013371	34	2
1.36441024765372	5.62667223252356	35	2
7.21882428904064	3.97326215356588	37	2
9.7969763786532	6.13956804154441	40	2
8.77688962849788	7.48705358081497	41	2
5.34026363003068	9.25485733873211	42	2
7.96715943911113	7.16628418350592	43	2
9.37315294868313	1.59020615462214	44	2
9.25206986558624	6.25711731007323	46	2
4.84092371584848	4.90912131918594	48	2
6.29292850103229	2.83916984428652	49	2
1.99260905897245	9.60670170956291	50	2
7.38507362618111	6.00611003814265	51	2
8.37256178236567	3.23512917524204	52	2
7.77609662804753	7.93412520200945	53	2
9.81180565012619	8.65388404903933	54	2
3.63316974532791	9.25282795215026	55	2
1.77169884182513	3.36860472825356	57	2
9.27325991820544	6.34858938399702	59	2
4.49557984620333	5.11325707030483	60	2
9.23618989530951	5.63142358348705	61	2
3.58619192941114	7.95117679052055	62	2
7.06363543053158	6.52175159519538	63	2
4.97660236828961	2.20932514150627	65	2
8.63501002523117	9.31810676516034	66	2
5.95867585274391	8.32480692211539	67	2
9.29585640178993	8.42564798146486	68	2
1.09787105349824	8.93162619951181	69	2
1.77292206743732	6.73541932413355	71	2
6.70950382482261	6.11001512315124	72	2
4.69843648537062	1.01112001948059	74	2
5.74427193286829	9.26542636961676	75	2
1.81370076606981	1.02359614917077	76	2
5.82450771774165	5.45509176608175	77	2
2.06016100221314	3.20246287854388	78	2
6.63905330002308	7.76024546427652	79	2
7.52622958412394	2.24997059302405	80	2
5.9760536942631	5.2985126809217	81	2
6.82354895281605	3.41942294570617	82	2
1.41895241895691	5.98678228096105	83	2
4.51289909821935	9.71991611341946	85	2
1.54253763426095	8.8719568264205	87	2
3.84960516402498	8.16147773945704	88	2
1.75455668265931	2.5625111553818	89	2
8.42190976790153	8.01857858453877	90	2
1.7864344958216	5.27794028026983	91	2
8.58643524721265	7.07151806144975	92	2
5.41963291261345	6.4559543216601	94	2
2.92419478669763	7.66807960555889	96	2
9.56083874125034	7.83763795881532	97	2
5.37184763024561	9.35248561878689	98	2
4.94541317247786	7.68545151059516	99	2
1.15510757500306	8.09709088248201	100	2
6.26240666396916	1.51704340521246	1	3
2.02403507707641	8.28495421633124	2	3
7.15838269330561	7.60341997421347	3	3
9.93257899465971	1.81239008367993	4	3
5.81494226050563	6.6644504708238	5	3
9.69952657655813	7.1894452071283	6	3
7.04284804244526	4.10743030114099	7	3
4.22526686149649	2.25784263969399	9	3
2.57783277775161	2.41977545595728	10	3
5.93935647537001	5.22408495144919	11	3
2.74452825216576	3.69644587649964	13	3
6.73213700437918	9.97175478003919	14	3
6.76171692507342	4.03718668571673	16	3
1.92326498939656	2.69672273588367	18	3
1.88011829624884	3.04317952739075	19	3
2.64597630314529	4.16442270181142	20	3
1.72471734834835	9.9029068981763	22	3
8.39456579950638	5.09080258035101	23	3
6.32002579211257	7.04556126659736	24	3
7.96050116955303	3.95454673212953	25	3
1.05455190478824	6.41255368827842	27	3
1.01061305892654	2.22072569280863	29	3
2.80621164361946	3.04484000336379	30	3
5.50095435511321	1.81612501782365	31	3
3.91152996057645	3.802575774258	32	3
4.12105158111081	6.23056891839951	33	3
5.9093854194507	9.96302973013371	34	3
1.36441024765372	5.62667223252356	35	3
4.99462523916736	7.80505655822344	36	3
7.21882428904064	3.97326215356588	37	3
8.41466182935983	6.25669163512066	38	3
6.46108035417274	6.90014075557701	39	3
9.7969763786532	6.13956804154441	40	3
5.34026363003068	9.25485733873211	42	3
9.37315294868313	1.59020615462214	44	3
5.28679099585861	2.89412002358586	45	3
9.25206986558624	6.25711731007323	46	3
4.2868835455738	6.57176029682159	47	3
1.99260905897245	9.60670170956291	50	3
8.37256178236567	3.23512917524204	52	3
7.77609662804753	7.93412520200945	53	3
9.81180565012619	8.65388404903933	54	3
8.69236824568361	7.99851256818511	56	3
1.77169884182513	3.36860472825356	57	3
5.9437990935985	5.79924704413861	58	3
9.27325991820544	6.34858938399702	59	3
4.49557984620333	5.11325707030483	60	3
9.23618989530951	5.63142358348705	61	3
3.58619192941114	7.95117679052055	62	3
7.06363543053158	6.52175159519538	63	3
4.97660236828961	2.20932514150627	65	3
8.63501002523117	9.31810676516034	66	3
5.95867585274391	8.32480692211539	67	3
1.09787105349824	8.93162619951181	69	3
8.57206166628748	1.42831612587906	70	3
1.77292206743732	6.73541932413355	71	3
6.70950382482261	6.11001512315124	72	3
4.79553529946134	5.72607484413311	73	3
4.69843648537062	1.01112001948059	74	3
5.74427193286829	9.26542636961676	75	3
5.82450771774165	5.45509176608175	77	3
2.06016100221314	3.20246287854388	78	3
6.63905330002308	7.76024546427652	79	3
7.52622958412394	2.24997059302405	80	3
5.9760536942631	5.2985126809217	81	3
6.82354895281605	3.41942294570617	82	3
1.41895241895691	5.98678228096105	83	3
6.17474290984683	5.67500852653757	84	3
4.51289909821935	9.71991611341946	85	3
2.27487657801248	7.99901200179011	86	3
1.54253763426095	8.8719568264205	87	3
3.84960516402498	8.16147773945704	88	3
1.75455668265931	2.5625111553818	89	3
8.58643524721265	7.07151806144975	92	3
5.41963291261345	6.4559543216601	94	3
2.73718851082958	6.24740261514671	95	3
2.92419478669763	7.66807960555889	96	3
9.56083874125034	7.83763795881532	97	3
5.37184763024561	9.35248561878689	98	3
4.94541317247786	7.68545151059516	99	3
6.26240666396916	1.51704340521246	1	4
2.02403507707641	8.28495421633124	2	4
7.15838269330561	7.60341997421347	3	4
9.93257899465971	1.81239008367993	4	4
5.81494226050563	6.6644504708238	5	4
7.04284804244526	4.10743030114099	7	4
3.65119940973818	6.31079569272697	8	4
4.22526686149649	2.25784263969399	9	4
2.57783277775161	2.41977545595728	10	4
5.93935647537001	5.22408495144919	11	4
5.54906532680616	9.18157780007459	12	4
2.74452825216576	3.69644587649964	13	4
6.73213700437918	9.97175478003919	14	4
7.19020085036755	6.86987585108727	15	4
6.76171692507342	4.03718668571673	16	4
4.22096823807806	3.23297882732004	17	4
1.92326498939656	2.69672273588367	18	4
2.64597630314529	4.16442270181142	20	4
3.0511312650051	4.91762386308983	21	4
1.72471734834835	9.9029068981763	22	4
8.39456579950638	5.09080258035101	23	4
1.05455190478824	6.41255368827842	27	4
8.330556004541	9.56857698131353	28	4
1.01061305892654	2.22072569280863	29	4
2.80621164361946	3.04484000336379	30	4
3.91152996057645	3.802575774258	32	4
4.12105158111081	6.23056891839951	33	4
5.9093854194507	9.96302973013371	34	4
1.36441024765372	5.62667223252356	35	4
7.21882428904064	3.97326215356588	37	4
8.41466182935983	6.25669163512066	38	4
6.46108035417274	6.90014075557701	39	4
9.7969763786532	6.13956804154441	40	4
8.77688962849788	7.48705358081497	41	4
5.34026363003068	9.25485733873211	42	4
7.96715943911113	7.16628418350592	43	4
9.37315294868313	1.59020615462214	44	4
5.28679099585861	2.89412002358586	45	4
9.25206986558624	6.25711731007323	46	4
4.2868835455738	6.57176029682159	47	4
4.84092371584848	4.90912131918594	48	4
1.99260905897245	9.60670170956291	50	4
7.38507362618111	6.00611003814265	51	4
7.77609662804753	7.93412520200945	53	4
9.81180565012619	8.65388404903933	54	4
3.63316974532791	9.25282795215026	55	4
8.69236824568361	7.99851256818511	56	4
5.9437990935985	5.79924704413861	58	4
9.27325991820544	6.34858938399702	59	4
4.49557984620333	5.11325707030483	60	4
9.23618989530951	5.63142358348705	61	4
3.58619192941114	7.95117679052055	62	4
7.06363543053158	6.52175159519538	63	4
7.60798494936898	5.93742112535983	64	4
4.97660236828961	2.20932514150627	65	4
8.63501002523117	9.31810676516034	66	4
9.29585640178993	8.42564798146486	68	4
8.57206166628748	1.42831612587906	70	4
1.77292206743732	6.73541932413355	71	4
6.70950382482261	6.11001512315124	72	4
4.79553529946134	5.72607484413311	73	4
4.69843648537062	1.01112001948059	74	4
5.74427193286829	9.26542636961676	75	4
1.81370076606981	1.02359614917077	76	4
5.82450771774165	5.45509176608175	77	4
6.63905330002308	7.76024546427652	79	4
7.52622958412394	2.24997059302405	80	4
5.9760536942631	5.2985126809217	81	4
6.82354895281605	3.41942294570617	82	4
6.17474290984683	5.67500852653757	84	4
4.51289909821935	9.71991611341946	85	4
2.27487657801248	7.99901200179011	86	4
3.84960516402498	8.16147773945704	88	4
1.75455668265931	2.5625111553818	89	4
1.7864344958216	5.27794028026983	91	4
5.41963291261345	6.4559543216601	94	4
2.73718851082958	6.24740261514671	95	4
9.56083874125034	7.83763795881532	97	4
5.37184763024561	9.35248561878689	98	4
1.15510757500306	8.09709088248201	100	4
6.26240666396916	1.51704340521246	1	5
2.02403507707641	8.28495421633124	2	5
7.15838269330561	7.60341997421347	3	5
9.93257899465971	1.81239008367993	4	5
5.81494226050563	6.6644504708238	5	5
9.69952657655813	7.1894452071283	6	5
7.04284804244526	4.10743030114099	7	5
3.65119940973818	6.31079569272697	8	5
4.22526686149649	2.25784263969399	9	5
2.57783277775161	2.41977545595728	10	5
5.93935647537001	5.22408495144919	11	5
5.54906532680616	9.18157780007459	12	5
2.74452825216576	3.69644587649964	13	5
7.19020085036755	6.86987585108727	15	5
6.76171692507342	4.03718668571673	16	5
4.22096823807806	3.23297882732004	17	5
1.88011829624884	3.04317952739075	19	5
2.64597630314529	4.16442270181142	20	5
1.72471734834835	9.9029068981763	22	5
8.39456579950638	5.09080258035101	23	5
7.96050116955303	3.95454673212953	25	5
4.15077379299328	6.31066462909803	26	5
1.05455190478824	6.41255368827842	27	5
8.330556004541	9.56857698131353	28	5
1.01061305892654	2.22072569280863	29	5
2.80621164361946	3.04484000336379	30	5
5.9093854194507	9.96302973013371	34	5
1.36441024765372	5.62667223252356	35	5
4.99462523916736	7.80505655822344	36	5
6.46108035417274	6.90014075557701	39	5
9.7969763786532	6.13956804154441	40	5
8.77688962849788	7.48705358081497	41	5
5.34026363003068	9.25485733873211	42	5
7.96715943911113	7.16628418350592	43	5
9.37315294868313	1.59020615462214	44	5
5.28679099585861	2.89412002358586	45	5
9.25206986558624	6.25711731007323	46	5
4.2868835455738	6.57176029682159	47	5
1.99260905897245	9.60670170956291	50	5
7.38507362618111	6.00611003814265	51	5
8.37256178236567	3.23512917524204	52	5
7.77609662804753	7.93412520200945	53	5
9.81180565012619	8.65388404903933	54	5
8.69236824568361	7.99851256818511	56	5
1.77169884182513	3.36860472825356	57	5
5.9437990935985	5.79924704413861	58	5
9.27325991820544	6.34858938399702	59	5
4.49557984620333	5.11325707030483	60	5
9.23618989530951	5.63142358348705	61	5
3.58619192941114	7.95117679052055	62	5
7.06363543053158	6.52175159519538	63	5
7.60798494936898	5.93742112535983	64	5
4.97660236828961	2.20932514150627	65	5
8.63501002523117	9.31810676516034	66	5
9.29585640178993	8.42564798146486	68	5
1.09787105349824	8.93162619951181	69	5
1.77292206743732	6.73541932413355	71	5
6.70950382482261	6.11001512315124	72	5
4.79553529946134	5.72607484413311	73	5
5.74427193286829	9.26542636961676	75	5
1.81370076606981	1.02359614917077	76	5
2.06016100221314	3.20246287854388	78	5
7.52622958412394	2.24997059302405	80	5
5.9760536942631	5.2985126809217	81	5
1.41895241895691	5.98678228096105	83	5
6.17474290984683	5.67500852653757	84	5
4.51289909821935	9.71991611341946	85	5
2.27487657801248	7.99901200179011	86	5
1.54253763426095	8.8719568264205	87	5
3.84960516402498	8.16147773945704	88	5
8.42190976790153	8.01857858453877	90	5
1.7864344958216	5.27794028026983	91	5
8.58643524721265	7.07151806144975	92	5
2.60640466352925	4.18082328676246	93	5
5.41963291261345	6.4559543216601	94	5
2.73718851082958	6.24740261514671	95	5
2.92419478669763	7.66807960555889	96	5
9.56083874125034	7.83763795881532	97	5
5.37184763024561	9.35248561878689	98	5
4.94541317247786	7.68545151059516	99	5
6.26240666396916	1.51704340521246	1	6
2.02403507707641	8.28495421633124	2	6
7.15838269330561	7.60341997421347	3	6
9.93257899465971	1.81239008367993	4	6
5.81494226050563	6.6644504708238	5	6
9.69952657655813	7.1894452071283	6	6
7.04284804244526	4.10743030114099	7	6
3.65119940973818	6.31079569272697	8	6
4.22526686149649	2.25784263969399	9	6
2.57783277775161	2.41977545595728	10	6
5.93935647537001	5.22408495144919	11	6
2.74452825216576	3.69644587649964	13	6
6.73213700437918	9.97175478003919	14	6
7.19020085036755	6.86987585108727	15	6
6.76171692507342	4.03718668571673	16	6
4.22096823807806	3.23297882732004	17	6
1.92326498939656	2.69672273588367	18	6
2.64597630314529	4.16442270181142	20	6
6.32002579211257	7.04556126659736	24	6
7.96050116955303	3.95454673212953	25	6
4.15077379299328	6.31066462909803	26	6
8.330556004541	9.56857698131353	28	6
1.01061305892654	2.22072569280863	29	6
2.80621164361946	3.04484000336379	30	6
5.50095435511321	1.81612501782365	31	6
3.91152996057645	3.802575774258	32	6
4.12105158111081	6.23056891839951	33	6
1.36441024765372	5.62667223252356	35	6
4.99462523916736	7.80505655822344	36	6
7.21882428904064	3.97326215356588	37	6
8.41466182935983	6.25669163512066	38	6
6.46108035417274	6.90014075557701	39	6
9.7969763786532	6.13956804154441	40	6
8.77688962849788	7.48705358081497	41	6
7.96715943911113	7.16628418350592	43	6
9.37315294868313	1.59020615462214	44	6
5.28679099585861	2.89412002358586	45	6
9.25206986558624	6.25711731007323	46	6
7.38507362618111	6.00611003814265	51	6
8.37256178236567	3.23512917524204	52	6
7.77609662804753	7.93412520200945	53	6
9.81180565012619	8.65388404903933	54	6
8.69236824568361	7.99851256818511	56	6
1.77169884182513	3.36860472825356	57	6
9.27325991820544	6.34858938399702	59	6
9.23618989530951	5.63142358348705	61	6
3.58619192941114	7.95117679052055	62	6
7.06363543053158	6.52175159519538	63	6
7.60798494936898	5.93742112535983	64	6
4.97660236828961	2.20932514150627	65	6
5.95867585274391	8.32480692211539	67	6
9.29585640178993	8.42564798146486	68	6
8.57206166628748	1.42831612587906	70	6
1.77292206743732	6.73541932413355	71	6
6.70950382482261	6.11001512315124	72	6
4.69843648537062	1.01112001948059	74	6
5.74427193286829	9.26542636961676	75	6
1.81370076606981	1.02359614917077	76	6
5.82450771774165	5.45509176608175	77	6
2.06016100221314	3.20246287854388	78	6
6.63905330002308	7.76024546427652	79	6
7.52622958412394	2.24997059302405	80	6
6.82354895281605	3.41942294570617	82	6
1.41895241895691	5.98678228096105	83	6
4.51289909821935	9.71991611341946	85	6
2.27487657801248	7.99901200179011	86	6
1.54253763426095	8.8719568264205	87	6
3.84960516402498	8.16147773945704	88	6
1.75455668265931	2.5625111553818	89	6
8.42190976790153	8.01857858453877	90	6
1.7864344958216	5.27794028026983	91	6
8.58643524721265	7.07151806144975	92	6
2.60640466352925	4.18082328676246	93	6
5.41963291261345	6.4559543216601	94	6
2.73718851082958	6.24740261514671	95	6
2.92419478669763	7.66807960555889	96	6
9.56083874125034	7.83763795881532	97	6
5.37184763024561	9.35248561878689	98	6
4.94541317247786	7.68545151059516	99	6
1.15510757500306	8.09709088248201	100	6
6.26240666396916	1.51704340521246	1	7
2.02403507707641	8.28495421633124	2	7
7.15838269330561	7.60341997421347	3	7
9.93257899465971	1.81239008367993	4	7
5.81494226050563	6.6644504708238	5	7
7.04284804244526	4.10743030114099	7	7
3.65119940973818	6.31079569272697	8	7
4.22526686149649	2.25784263969399	9	7
2.57783277775161	2.41977545595728	10	7
5.93935647537001	5.22408495144919	11	7
5.54906532680616	9.18157780007459	12	7
2.74452825216576	3.69644587649964	13	7
6.73213700437918	9.97175478003919	14	7
7.19020085036755	6.86987585108727	15	7
6.76171692507342	4.03718668571673	16	7
4.22096823807806	3.23297882732004	17	7
1.92326498939656	2.69672273588367	18	7
1.88011829624884	3.04317952739075	19	7
2.64597630314529	4.16442270181142	20	7
3.0511312650051	4.91762386308983	21	7
1.72471734834835	9.9029068981763	22	7
8.39456579950638	5.09080258035101	23	7
6.32002579211257	7.04556126659736	24	7
4.15077379299328	6.31066462909803	26	7
1.05455190478824	6.41255368827842	27	7
8.330556004541	9.56857698131353	28	7
1.01061305892654	2.22072569280863	29	7
2.80621164361946	3.04484000336379	30	7
5.50095435511321	1.81612501782365	31	7
3.91152996057645	3.802575774258	32	7
4.12105158111081	6.23056891839951	33	7
5.9093854194507	9.96302973013371	34	7
4.99462523916736	7.80505655822344	36	7
7.21882428904064	3.97326215356588	37	7
8.41466182935983	6.25669163512066	38	7
6.46108035417274	6.90014075557701	39	7
8.77688962849788	7.48705358081497	41	7
5.34026363003068	9.25485733873211	42	7
7.96715943911113	7.16628418350592	43	7
9.37315294868313	1.59020615462214	44	7
5.28679099585861	2.89412002358586	45	7
9.25206986558624	6.25711731007323	46	7
4.84092371584848	4.90912131918594	48	7
6.29292850103229	2.83916984428652	49	7
1.99260905897245	9.60670170956291	50	7
8.37256178236567	3.23512917524204	52	7
9.81180565012619	8.65388404903933	54	7
3.63316974532791	9.25282795215026	55	7
8.69236824568361	7.99851256818511	56	7
1.77169884182513	3.36860472825356	57	7
5.9437990935985	5.79924704413861	58	7
4.49557984620333	5.11325707030483	60	7
9.23618989530951	5.63142358348705	61	7
7.06363543053158	6.52175159519538	63	7
7.60798494936898	5.93742112535983	64	7
4.97660236828961	2.20932514150627	65	7
5.95867585274391	8.32480692211539	67	7
9.29585640178993	8.42564798146486	68	7
1.09787105349824	8.93162619951181	69	7
8.57206166628748	1.42831612587906	70	7
1.77292206743732	6.73541932413355	71	7
6.70950382482261	6.11001512315124	72	7
4.69843648537062	1.01112001948059	74	7
5.74427193286829	9.26542636961676	75	7
5.82450771774165	5.45509176608175	77	7
2.06016100221314	3.20246287854388	78	7
6.63905330002308	7.76024546427652	79	7
7.52622958412394	2.24997059302405	80	7
5.9760536942631	5.2985126809217	81	7
6.82354895281605	3.41942294570617	82	7
3.84960516402498	8.16147773945704	88	7
1.75455668265931	2.5625111553818	89	7
8.42190976790153	8.01857858453877	90	7
1.7864344958216	5.27794028026983	91	7
8.58643524721265	7.07151806144975	92	7
2.60640466352925	4.18082328676246	93	7
2.73718851082958	6.24740261514671	95	7
2.92419478669763	7.66807960555889	96	7
9.56083874125034	7.83763795881532	97	7
4.94541317247786	7.68545151059516	99	7
6.26240666396916	1.51704340521246	1	8
7.15838269330561	7.60341997421347	3	8
5.81494226050563	6.6644504708238	5	8
9.69952657655813	7.1894452071283	6	8
7.04284804244526	4.10743030114099	7	8
3.65119940973818	6.31079569272697	8	8
4.22526686149649	2.25784263969399	9	8
2.57783277775161	2.41977545595728	10	8
5.93935647537001	5.22408495144919	11	8
5.54906532680616	9.18157780007459	12	8
2.74452825216576	3.69644587649964	13	8
6.73213700437918	9.97175478003919	14	8
7.19020085036755	6.86987585108727	15	8
6.76171692507342	4.03718668571673	16	8
4.22096823807806	3.23297882732004	17	8
1.88011829624884	3.04317952739075	19	8
2.64597630314529	4.16442270181142	20	8
3.0511312650051	4.91762386308983	21	8
1.72471734834835	9.9029068981763	22	8
8.39456579950638	5.09080258035101	23	8
6.32002579211257	7.04556126659736	24	8
7.96050116955303	3.95454673212953	25	8
4.15077379299328	6.31066462909803	26	8
8.330556004541	9.56857698131353	28	8
1.01061305892654	2.22072569280863	29	8
5.50095435511321	1.81612501782365	31	8
3.91152996057645	3.802575774258	32	8
5.9093854194507	9.96302973013371	34	8
1.36441024765372	5.62667223252356	35	8
4.99462523916736	7.80505655822344	36	8
7.21882428904064	3.97326215356588	37	8
8.41466182935983	6.25669163512066	38	8
6.46108035417274	6.90014075557701	39	8
8.77688962849788	7.48705358081497	41	8
5.34026363003068	9.25485733873211	42	8
7.96715943911113	7.16628418350592	43	8
5.28679099585861	2.89412002358586	45	8
4.84092371584848	4.90912131918594	48	8
6.29292850103229	2.83916984428652	49	8
1.99260905897245	9.60670170956291	50	8
8.37256178236567	3.23512917524204	52	8
7.77609662804753	7.93412520200945	53	8
8.69236824568361	7.99851256818511	56	8
1.77169884182513	3.36860472825356	57	8
5.9437990935985	5.79924704413861	58	8
9.27325991820544	6.34858938399702	59	8
4.49557984620333	5.11325707030483	60	8
9.23618989530951	5.63142358348705	61	8
3.58619192941114	7.95117679052055	62	8
7.06363543053158	6.52175159519538	63	8
7.60798494936898	5.93742112535983	64	8
8.63501002523117	9.31810676516034	66	8
5.95867585274391	8.32480692211539	67	8
9.29585640178993	8.42564798146486	68	8
1.09787105349824	8.93162619951181	69	8
8.57206166628748	1.42831612587906	70	8
1.77292206743732	6.73541932413355	71	8
6.70950382482261	6.11001512315124	72	8
4.79553529946134	5.72607484413311	73	8
4.69843648537062	1.01112001948059	74	8
1.81370076606981	1.02359614917077	76	8
2.06016100221314	3.20246287854388	78	8
6.63905330002308	7.76024546427652	79	8
7.52622958412394	2.24997059302405	80	8
5.9760536942631	5.2985126809217	81	8
6.82354895281605	3.41942294570617	82	8
1.41895241895691	5.98678228096105	83	8
6.17474290984683	5.67500852653757	84	8
2.27487657801248	7.99901200179011	86	8
3.84960516402498	8.16147773945704	88	8
1.75455668265931	2.5625111553818	89	8
8.42190976790153	8.01857858453877	90	8
8.58643524721265	7.07151806144975	92	8
2.60640466352925	4.18082328676246	93	8
5.41963291261345	6.4559543216601	94	8
2.73718851082958	6.24740261514671	95	8
9.56083874125034	7.83763795881532	97	8
5.37184763024561	9.35248561878689	98	8
4.94541317247786	7.68545151059516	99	8
1.15510757500306	8.09709088248201	100	8
6.26240666396916	1.51704340521246	1	9
2.02403507707641	8.28495421633124	2	9
7.15838269330561	7.60341997421347	3	9
9.93257899465971	1.81239008367993	4	9
7.04284804244526	4.10743030114099	7	9
3.65119940973818	6.31079569272697	8	9
4.22526686149649	2.25784263969399	9	9
5.93935647537001	5.22408495144919	11	9
5.54906532680616	9.18157780007459	12	9
2.74452825216576	3.69644587649964	13	9
7.19020085036755	6.86987585108727	15	9
6.76171692507342	4.03718668571673	16	9
4.22096823807806	3.23297882732004	17	9
1.92326498939656	2.69672273588367	18	9
1.88011829624884	3.04317952739075	19	9
2.64597630314529	4.16442270181142	20	9
3.0511312650051	4.91762386308983	21	9
8.39456579950638	5.09080258035101	23	9
6.32002579211257	7.04556126659736	24	9
7.96050116955303	3.95454673212953	25	9
4.15077379299328	6.31066462909803	26	9
1.05455190478824	6.41255368827842	27	9
8.330556004541	9.56857698131353	28	9
1.01061305892654	2.22072569280863	29	9
2.80621164361946	3.04484000336379	30	9
5.50095435511321	1.81612501782365	31	9
3.91152996057645	3.802575774258	32	9
5.9093854194507	9.96302973013371	34	9
1.36441024765372	5.62667223252356	35	9
4.99462523916736	7.80505655822344	36	9
7.21882428904064	3.97326215356588	37	9
6.46108035417274	6.90014075557701	39	9
9.7969763786532	6.13956804154441	40	9
8.77688962849788	7.48705358081497	41	9
5.34026363003068	9.25485733873211	42	9
9.37315294868313	1.59020615462214	44	9
5.28679099585861	2.89412002358586	45	9
4.2868835455738	6.57176029682159	47	9
4.84092371584848	4.90912131918594	48	9
6.29292850103229	2.83916984428652	49	9
1.99260905897245	9.60670170956291	50	9
8.37256178236567	3.23512917524204	52	9
7.77609662804753	7.93412520200945	53	9
3.63316974532791	9.25282795215026	55	9
1.77169884182513	3.36860472825356	57	9
9.27325991820544	6.34858938399702	59	9
4.49557984620333	5.11325707030483	60	9
9.23618989530951	5.63142358348705	61	9
3.58619192941114	7.95117679052055	62	9
7.06363543053158	6.52175159519538	63	9
7.60798494936898	5.93742112535983	64	9
4.97660236828961	2.20932514150627	65	9
8.63501002523117	9.31810676516034	66	9
5.95867585274391	8.32480692211539	67	9
9.29585640178993	8.42564798146486	68	9
1.09787105349824	8.93162619951181	69	9
8.57206166628748	1.42831612587906	70	9
1.77292206743732	6.73541932413355	71	9
6.70950382482261	6.11001512315124	72	9
4.79553529946134	5.72607484413311	73	9
4.69843648537062	1.01112001948059	74	9
5.74427193286829	9.26542636961676	75	9
1.81370076606981	1.02359614917077	76	9
5.82450771774165	5.45509176608175	77	9
2.06016100221314	3.20246287854388	78	9
7.52622958412394	2.24997059302405	80	9
5.9760536942631	5.2985126809217	81	9
6.82354895281605	3.41942294570617	82	9
1.41895241895691	5.98678228096105	83	9
6.17474290984683	5.67500852653757	84	9
1.54253763426095	8.8719568264205	87	9
8.42190976790153	8.01857858453877	90	9
8.58643524721265	7.07151806144975	92	9
2.60640466352925	4.18082328676246	93	9
5.41963291261345	6.4559543216601	94	9
2.73718851082958	6.24740261514671	95	9
2.92419478669763	7.66807960555889	96	9
9.56083874125034	7.83763795881532	97	9
4.94541317247786	7.68545151059516	99	9
1.15510757500306	8.09709088248201	100	9
6.26240666396916	1.51704340521246	1	10
5.81494226050563	6.6644504708238	5	10
9.69952657655813	7.1894452071283	6	10
7.04284804244526	4.10743030114099	7	10
3.65119940973818	6.31079569272697	8	10
4.22526686149649	2.25784263969399	9	10
5.54906532680616	9.18157780007459	12	10
2.74452825216576	3.69644587649964	13	10
6.73213700437918	9.97175478003919	14	10
7.19020085036755	6.86987585108727	15	10
6.76171692507342	4.03718668571673	16	10
4.22096823807806	3.23297882732004	17	10
1.92326498939656	2.69672273588367	18	10
1.88011829624884	3.04317952739075	19	10
2.64597630314529	4.16442270181142	20	10
1.72471734834835	9.9029068981763	22	10
6.32002579211257	7.04556126659736	24	10
7.96050116955303	3.95454673212953	25	10
8.330556004541	9.56857698131353	28	10
2.80621164361946	3.04484000336379	30	10
5.50095435511321	1.81612501782365	31	10
3.91152996057645	3.802575774258	32	10
5.9093854194507	9.96302973013371	34	10
1.36441024765372	5.62667223252356	35	10
4.99462523916736	7.80505655822344	36	10
8.41466182935983	6.25669163512066	38	10
9.7969763786532	6.13956804154441	40	10
5.34026363003068	9.25485733873211	42	10
7.96715943911113	7.16628418350592	43	10
9.37315294868313	1.59020615462214	44	10
5.28679099585861	2.89412002358586	45	10
9.25206986558624	6.25711731007323	46	10
4.2868835455738	6.57176029682159	47	10
4.84092371584848	4.90912131918594	48	10
6.29292850103229	2.83916984428652	49	10
1.99260905897245	9.60670170956291	50	10
7.38507362618111	6.00611003814265	51	10
8.37256178236567	3.23512917524204	52	10
7.77609662804753	7.93412520200945	53	10
9.81180565012619	8.65388404903933	54	10
8.69236824568361	7.99851256818511	56	10
1.77169884182513	3.36860472825356	57	10
5.9437990935985	5.79924704413861	58	10
9.27325991820544	6.34858938399702	59	10
4.49557984620333	5.11325707030483	60	10
9.23618989530951	5.63142358348705	61	10
3.58619192941114	7.95117679052055	62	10
7.06363543053158	6.52175159519538	63	10
4.97660236828961	2.20932514150627	65	10
8.63501002523117	9.31810676516034	66	10
5.95867585274391	8.32480692211539	67	10
9.29585640178993	8.42564798146486	68	10
8.57206166628748	1.42831612587906	70	10
1.77292206743732	6.73541932413355	71	10
6.70950382482261	6.11001512315124	72	10
4.79553529946134	5.72607484413311	73	10
5.74427193286829	9.26542636961676	75	10
1.81370076606981	1.02359614917077	76	10
5.82450771774165	5.45509176608175	77	10
2.06016100221314	3.20246287854388	78	10
6.63905330002308	7.76024546427652	79	10
5.9760536942631	5.2985126809217	81	10
6.82354895281605	3.41942294570617	82	10
1.41895241895691	5.98678228096105	83	10
6.17474290984683	5.67500852653757	84	10
4.51289909821935	9.71991611341946	85	10
2.27487657801248	7.99901200179011	86	10
1.54253763426095	8.8719568264205	87	10
3.84960516402498	8.16147773945704	88	10
1.75455668265931	2.5625111553818	89	10
8.42190976790153	8.01857858453877	90	10
1.7864344958216	5.27794028026983	91	10
8.58643524721265	7.07151806144975	92	10
2.60640466352925	4.18082328676246	93	10
5.41963291261345	6.4559543216601	94	10
2.92419478669763	7.66807960555889	96	10
9.56083874125034	7.83763795881532	97	10
5.37184763024561	9.35248561878689	98	10
4.94541317247786	7.68545151059516	99	10
1.15510757500306	8.09709088248201	100	10
6.26240666396916	1.51704340521246	1	11
2.02403507707641	8.28495421633124	2	11
7.15838269330561	7.60341997421347	3	11
5.81494226050563	6.6644504708238	5	11
9.69952657655813	7.1894452071283	6	11
7.04284804244526	4.10743030114099	7	11
3.65119940973818	6.31079569272697	8	11
4.22526686149649	2.25784263969399	9	11
2.57783277775161	2.41977545595728	10	11
5.93935647537001	5.22408495144919	11	11
5.54906532680616	9.18157780007459	12	11
2.74452825216576	3.69644587649964	13	11
6.73213700437918	9.97175478003919	14	11
7.19020085036755	6.86987585108727	15	11
6.76171692507342	4.03718668571673	16	11
4.22096823807806	3.23297882732004	17	11
1.92326498939656	2.69672273588367	18	11
1.88011829624884	3.04317952739075	19	11
3.0511312650051	4.91762386308983	21	11
1.72471734834835	9.9029068981763	22	11
8.39456579950638	5.09080258035101	23	11
7.96050116955303	3.95454673212953	25	11
1.05455190478824	6.41255368827842	27	11
8.330556004541	9.56857698131353	28	11
2.80621164361946	3.04484000336379	30	11
5.50095435511321	1.81612501782365	31	11
4.12105158111081	6.23056891839951	33	11
5.9093854194507	9.96302973013371	34	11
1.36441024765372	5.62667223252356	35	11
7.21882428904064	3.97326215356588	37	11
8.41466182935983	6.25669163512066	38	11
9.7969763786532	6.13956804154441	40	11
8.77688962849788	7.48705358081497	41	11
5.34026363003068	9.25485733873211	42	11
9.37315294868313	1.59020615462214	44	11
9.25206986558624	6.25711731007323	46	11
4.2868835455738	6.57176029682159	47	11
6.29292850103229	2.83916984428652	49	11
1.99260905897245	9.60670170956291	50	11
7.38507362618111	6.00611003814265	51	11
8.37256178236567	3.23512917524204	52	11
7.77609662804753	7.93412520200945	53	11
9.81180565012619	8.65388404903933	54	11
3.63316974532791	9.25282795215026	55	11
8.69236824568361	7.99851256818511	56	11
5.9437990935985	5.79924704413861	58	11
9.27325991820544	6.34858938399702	59	11
4.49557984620333	5.11325707030483	60	11
9.23618989530951	5.63142358348705	61	11
3.58619192941114	7.95117679052055	62	11
7.06363543053158	6.52175159519538	63	11
4.97660236828961	2.20932514150627	65	11
8.63501002523117	9.31810676516034	66	11
5.95867585274391	8.32480692211539	67	11
9.29585640178993	8.42564798146486	68	11
8.57206166628748	1.42831612587906	70	11
1.77292206743732	6.73541932413355	71	11
6.70950382482261	6.11001512315124	72	11
4.79553529946134	5.72607484413311	73	11
5.74427193286829	9.26542636961676	75	11
1.81370076606981	1.02359614917077	76	11
2.06016100221314	3.20246287854388	78	11
6.63905330002308	7.76024546427652	79	11
7.52622958412394	2.24997059302405	80	11
5.9760536942631	5.2985126809217	81	11
6.82354895281605	3.41942294570617	82	11
1.41895241895691	5.98678228096105	83	11
6.17474290984683	5.67500852653757	84	11
4.51289909821935	9.71991611341946	85	11
1.54253763426095	8.8719568264205	87	11
3.84960516402498	8.16147773945704	88	11
1.75455668265931	2.5625111553818	89	11
8.42190976790153	8.01857858453877	90	11
1.7864344958216	5.27794028026983	91	11
8.58643524721265	7.07151806144975	92	11
2.73718851082958	6.24740261514671	95	11
9.56083874125034	7.83763795881532	97	11
5.37184763024561	9.35248561878689	98	11
4.94541317247786	7.68545151059516	99	11
1.15510757500306	8.09709088248201	100	11
6.26240666396916	1.51704340521246	1	12
2.02403507707641	8.28495421633124	2	12
7.15838269330561	7.60341997421347	3	12
9.93257899465971	1.81239008367993	4	12
5.81494226050563	6.6644504708238	5	12
9.69952657655813	7.1894452071283	6	12
7.04284804244526	4.10743030114099	7	12
3.65119940973818	6.31079569272697	8	12
5.93935647537001	5.22408495144919	11	12
5.54906532680616	9.18157780007459	12	12
2.74452825216576	3.69644587649964	13	12
6.73213700437918	9.97175478003919	14	12
7.19020085036755	6.86987585108727	15	12
6.76171692507342	4.03718668571673	16	12
1.92326498939656	2.69672273588367	18	12
1.88011829624884	3.04317952739075	19	12
3.0511312650051	4.91762386308983	21	12
1.72471734834835	9.9029068981763	22	12
6.32002579211257	7.04556126659736	24	12
7.96050116955303	3.95454673212953	25	12
4.15077379299328	6.31066462909803	26	12
1.05455190478824	6.41255368827842	27	12
2.80621164361946	3.04484000336379	30	12
5.50095435511321	1.81612501782365	31	12
3.91152996057645	3.802575774258	32	12
4.12105158111081	6.23056891839951	33	12
5.9093854194507	9.96302973013371	34	12
1.36441024765372	5.62667223252356	35	12
4.99462523916736	7.80505655822344	36	12
7.21882428904064	3.97326215356588	37	12
8.41466182935983	6.25669163512066	38	12
9.7969763786532	6.13956804154441	40	12
8.77688962849788	7.48705358081497	41	12
5.34026363003068	9.25485733873211	42	12
7.96715943911113	7.16628418350592	43	12
9.37315294868313	1.59020615462214	44	12
5.28679099585861	2.89412002358586	45	12
9.25206986558624	6.25711731007323	46	12
4.2868835455738	6.57176029682159	47	12
4.84092371584848	4.90912131918594	48	12
6.29292850103229	2.83916984428652	49	12
1.99260905897245	9.60670170956291	50	12
8.37256178236567	3.23512917524204	52	12
7.77609662804753	7.93412520200945	53	12
9.81180565012619	8.65388404903933	54	12
8.69236824568361	7.99851256818511	56	12
9.27325991820544	6.34858938399702	59	12
9.23618989530951	5.63142358348705	61	12
3.58619192941114	7.95117679052055	62	12
4.97660236828961	2.20932514150627	65	12
8.63501002523117	9.31810676516034	66	12
5.95867585274391	8.32480692211539	67	12
9.29585640178993	8.42564798146486	68	12
1.09787105349824	8.93162619951181	69	12
8.57206166628748	1.42831612587906	70	12
1.77292206743732	6.73541932413355	71	12
6.70950382482261	6.11001512315124	72	12
4.79553529946134	5.72607484413311	73	12
4.69843648537062	1.01112001948059	74	12
5.74427193286829	9.26542636961676	75	12
1.81370076606981	1.02359614917077	76	12
5.82450771774165	5.45509176608175	77	12
2.06016100221314	3.20246287854388	78	12
6.63905330002308	7.76024546427652	79	12
7.52622958412394	2.24997059302405	80	12
5.9760536942631	5.2985126809217	81	12
6.82354895281605	3.41942294570617	82	12
1.41895241895691	5.98678228096105	83	12
2.27487657801248	7.99901200179011	86	12
1.54253763426095	8.8719568264205	87	12
3.84960516402498	8.16147773945704	88	12
1.75455668265931	2.5625111553818	89	12
8.42190976790153	8.01857858453877	90	12
1.7864344958216	5.27794028026983	91	12
8.58643524721265	7.07151806144975	92	12
2.60640466352925	4.18082328676246	93	12
5.41963291261345	6.4559543216601	94	12
2.73718851082958	6.24740261514671	95	12
9.56083874125034	7.83763795881532	97	12
1.15510757500306	8.09709088248201	100	12
7.15838269330561	7.60341997421347	3	13
9.93257899465971	1.81239008367993	4	13
5.81494226050563	6.6644504708238	5	13
9.69952657655813	7.1894452071283	6	13
7.04284804244526	4.10743030114099	7	13
3.65119940973818	6.31079569272697	8	13
4.22526686149649	2.25784263969399	9	13
2.57783277775161	2.41977545595728	10	13
5.93935647537001	5.22408495144919	11	13
5.54906532680616	9.18157780007459	12	13
2.74452825216576	3.69644587649964	13	13
6.73213700437918	9.97175478003919	14	13
7.19020085036755	6.86987585108727	15	13
6.76171692507342	4.03718668571673	16	13
4.22096823807806	3.23297882732004	17	13
1.92326498939656	2.69672273588367	18	13
1.88011829624884	3.04317952739075	19	13
2.64597630314529	4.16442270181142	20	13
3.0511312650051	4.91762386308983	21	13
1.72471734834835	9.9029068981763	22	13
6.32002579211257	7.04556126659736	24	13
7.96050116955303	3.95454673212953	25	13
4.15077379299328	6.31066462909803	26	13
1.05455190478824	6.41255368827842	27	13
2.80621164361946	3.04484000336379	30	13
5.50095435511321	1.81612501782365	31	13
3.91152996057645	3.802575774258	32	13
4.12105158111081	6.23056891839951	33	13
5.9093854194507	9.96302973013371	34	13
1.36441024765372	5.62667223252356	35	13
7.21882428904064	3.97326215356588	37	13
8.41466182935983	6.25669163512066	38	13
6.46108035417274	6.90014075557701	39	13
8.77688962849788	7.48705358081497	41	13
5.34026363003068	9.25485733873211	42	13
9.37315294868313	1.59020615462214	44	13
5.28679099585861	2.89412002358586	45	13
9.25206986558624	6.25711731007323	46	13
4.2868835455738	6.57176029682159	47	13
4.84092371584848	4.90912131918594	48	13
6.29292850103229	2.83916984428652	49	13
1.99260905897245	9.60670170956291	50	13
7.38507362618111	6.00611003814265	51	13
8.37256178236567	3.23512917524204	52	13
9.81180565012619	8.65388404903933	54	13
3.63316974532791	9.25282795215026	55	13
8.69236824568361	7.99851256818511	56	13
1.77169884182513	3.36860472825356	57	13
5.9437990935985	5.79924704413861	58	13
9.27325991820544	6.34858938399702	59	13
9.23618989530951	5.63142358348705	61	13
3.58619192941114	7.95117679052055	62	13
7.06363543053158	6.52175159519538	63	13
7.60798494936898	5.93742112535983	64	13
4.97660236828961	2.20932514150627	65	13
8.63501002523117	9.31810676516034	66	13
9.29585640178993	8.42564798146486	68	13
1.09787105349824	8.93162619951181	69	13
6.70950382482261	6.11001512315124	72	13
5.74427193286829	9.26542636961676	75	13
1.81370076606981	1.02359614917077	76	13
2.06016100221314	3.20246287854388	78	13
6.63905330002308	7.76024546427652	79	13
5.9760536942631	5.2985126809217	81	13
6.82354895281605	3.41942294570617	82	13
1.41895241895691	5.98678228096105	83	13
6.17474290984683	5.67500852653757	84	13
4.51289909821935	9.71991611341946	85	13
2.27487657801248	7.99901200179011	86	13
3.84960516402498	8.16147773945704	88	13
1.75455668265931	2.5625111553818	89	13
8.42190976790153	8.01857858453877	90	13
1.7864344958216	5.27794028026983	91	13
2.60640466352925	4.18082328676246	93	13
5.41963291261345	6.4559543216601	94	13
2.73718851082958	6.24740261514671	95	13
2.92419478669763	7.66807960555889	96	13
9.56083874125034	7.83763795881532	97	13
4.94541317247786	7.68545151059516	99	13
1.15510757500306	8.09709088248201	100	13
6.26240666396916	1.51704340521246	1	14
7.15838269330561	7.60341997421347	3	14
9.93257899465971	1.81239008367993	4	14
7.04284804244526	4.10743030114099	7	14
3.65119940973818	6.31079569272697	8	14
4.22526686149649	2.25784263969399	9	14
5.93935647537001	5.22408495144919	11	14
5.54906532680616	9.18157780007459	12	14
2.74452825216576	3.69644587649964	13	14
6.73213700437918	9.97175478003919	14	14
7.19020085036755	6.86987585108727	15	14
6.76171692507342	4.03718668571673	16	14
4.22096823807806	3.23297882732004	17	14
1.92326498939656	2.69672273588367	18	14
1.88011829624884	3.04317952739075	19	14
2.64597630314529	4.16442270181142	20	14
3.0511312650051	4.91762386308983	21	14
1.72471734834835	9.9029068981763	22	14
8.39456579950638	5.09080258035101	23	14
6.32002579211257	7.04556126659736	24	14
7.96050116955303	3.95454673212953	25	14
4.15077379299328	6.31066462909803	26	14
1.05455190478824	6.41255368827842	27	14
8.330556004541	9.56857698131353	28	14
1.01061305892654	2.22072569280863	29	14
2.80621164361946	3.04484000336379	30	14
5.50095435511321	1.81612501782365	31	14
3.91152996057645	3.802575774258	32	14
4.12105158111081	6.23056891839951	33	14
4.99462523916736	7.80505655822344	36	14
7.21882428904064	3.97326215356588	37	14
6.46108035417274	6.90014075557701	39	14
9.7969763786532	6.13956804154441	40	14
8.77688962849788	7.48705358081497	41	14
5.34026363003068	9.25485733873211	42	14
7.96715943911113	7.16628418350592	43	14
5.28679099585861	2.89412002358586	45	14
9.25206986558624	6.25711731007323	46	14
4.2868835455738	6.57176029682159	47	14
4.84092371584848	4.90912131918594	48	14
6.29292850103229	2.83916984428652	49	14
1.99260905897245	9.60670170956291	50	14
7.38507362618111	6.00611003814265	51	14
8.37256178236567	3.23512917524204	52	14
7.77609662804753	7.93412520200945	53	14
9.81180565012619	8.65388404903933	54	14
8.69236824568361	7.99851256818511	56	14
5.9437990935985	5.79924704413861	58	14
9.27325991820544	6.34858938399702	59	14
4.49557984620333	5.11325707030483	60	14
9.23618989530951	5.63142358348705	61	14
7.06363543053158	6.52175159519538	63	14
7.60798494936898	5.93742112535983	64	14
4.97660236828961	2.20932514150627	65	14
8.63501002523117	9.31810676516034	66	14
1.09787105349824	8.93162619951181	69	14
8.57206166628748	1.42831612587906	70	14
1.77292206743732	6.73541932413355	71	14
6.70950382482261	6.11001512315124	72	14
4.79553529946134	5.72607484413311	73	14
4.69843648537062	1.01112001948059	74	14
1.81370076606981	1.02359614917077	76	14
2.06016100221314	3.20246287854388	78	14
6.63905330002308	7.76024546427652	79	14
5.9760536942631	5.2985126809217	81	14
1.41895241895691	5.98678228096105	83	14
4.51289909821935	9.71991611341946	85	14
2.27487657801248	7.99901200179011	86	14
1.54253763426095	8.8719568264205	87	14
3.84960516402498	8.16147773945704	88	14
1.75455668265931	2.5625111553818	89	14
8.42190976790153	8.01857858453877	90	14
1.7864344958216	5.27794028026983	91	14
8.58643524721265	7.07151806144975	92	14
2.60640466352925	4.18082328676246	93	14
5.41963291261345	6.4559543216601	94	14
2.73718851082958	6.24740261514671	95	14
2.92419478669763	7.66807960555889	96	14
9.56083874125034	7.83763795881532	97	14
5.37184763024561	9.35248561878689	98	14
6.26240666396916	1.51704340521246	1	15
2.02403507707641	8.28495421633124	2	15
7.15838269330561	7.60341997421347	3	15
4.22526686149649	2.25784263969399	9	15
5.54906532680616	9.18157780007459	12	15
2.74452825216576	3.69644587649964	13	15
6.73213700437918	9.97175478003919	14	15
7.19020085036755	6.86987585108727	15	15
6.76171692507342	4.03718668571673	16	15
4.22096823807806	3.23297882732004	17	15
1.92326498939656	2.69672273588367	18	15
1.88011829624884	3.04317952739075	19	15
2.64597630314529	4.16442270181142	20	15
3.0511312650051	4.91762386308983	21	15
1.72471734834835	9.9029068981763	22	15
8.39456579950638	5.09080258035101	23	15
7.96050116955303	3.95454673212953	25	15
1.05455190478824	6.41255368827842	27	15
8.330556004541	9.56857698131353	28	15
1.01061305892654	2.22072569280863	29	15
2.80621164361946	3.04484000336379	30	15
5.50095435511321	1.81612501782365	31	15
3.91152996057645	3.802575774258	32	15
4.12105158111081	6.23056891839951	33	15
5.9093854194507	9.96302973013371	34	15
4.99462523916736	7.80505655822344	36	15
7.21882428904064	3.97326215356588	37	15
8.41466182935983	6.25669163512066	38	15
6.46108035417274	6.90014075557701	39	15
9.7969763786532	6.13956804154441	40	15
8.77688962849788	7.48705358081497	41	15
5.34026363003068	9.25485733873211	42	15
7.96715943911113	7.16628418350592	43	15
9.37315294868313	1.59020615462214	44	15
5.28679099585861	2.89412002358586	45	15
9.25206986558624	6.25711731007323	46	15
4.2868835455738	6.57176029682159	47	15
4.84092371584848	4.90912131918594	48	15
7.38507362618111	6.00611003814265	51	15
8.37256178236567	3.23512917524204	52	15
7.77609662804753	7.93412520200945	53	15
9.81180565012619	8.65388404903933	54	15
3.63316974532791	9.25282795215026	55	15
8.69236824568361	7.99851256818511	56	15
1.77169884182513	3.36860472825356	57	15
9.27325991820544	6.34858938399702	59	15
9.23618989530951	5.63142358348705	61	15
3.58619192941114	7.95117679052055	62	15
7.06363543053158	6.52175159519538	63	15
7.60798494936898	5.93742112535983	64	15
4.97660236828961	2.20932514150627	65	15
8.63501002523117	9.31810676516034	66	15
5.95867585274391	8.32480692211539	67	15
9.29585640178993	8.42564798146486	68	15
8.57206166628748	1.42831612587906	70	15
6.70950382482261	6.11001512315124	72	15
4.79553529946134	5.72607484413311	73	15
5.74427193286829	9.26542636961676	75	15
1.81370076606981	1.02359614917077	76	15
2.06016100221314	3.20246287854388	78	15
6.63905330002308	7.76024546427652	79	15
7.52622958412394	2.24997059302405	80	15
5.9760536942631	5.2985126809217	81	15
6.82354895281605	3.41942294570617	82	15
1.41895241895691	5.98678228096105	83	15
6.17474290984683	5.67500852653757	84	15
2.27487657801248	7.99901200179011	86	15
1.54253763426095	8.8719568264205	87	15
3.84960516402498	8.16147773945704	88	15
1.75455668265931	2.5625111553818	89	15
8.42190976790153	8.01857858453877	90	15
1.7864344958216	5.27794028026983	91	15
8.58643524721265	7.07151806144975	92	15
2.60640466352925	4.18082328676246	93	15
5.41963291261345	6.4559543216601	94	15
2.73718851082958	6.24740261514671	95	15
2.92419478669763	7.66807960555889	96	15
9.56083874125034	7.83763795881532	97	15
4.94541317247786	7.68545151059516	99	15
1.15510757500306	8.09709088248201	100	15
6.26240666396916	1.51704340521246	1	16
2.02403507707641	8.28495421633124	2	16
7.15838269330561	7.60341997421347	3	16
9.93257899465971	1.81239008367993	4	16
9.69952657655813	7.1894452071283	6	16
7.04284804244526	4.10743030114099	7	16
3.65119940973818	6.31079569272697	8	16
4.22526686149649	2.25784263969399	9	16
2.57783277775161	2.41977545595728	10	16
5.93935647537001	5.22408495144919	11	16
2.74452825216576	3.69644587649964	13	16
6.73213700437918	9.97175478003919	14	16
7.19020085036755	6.86987585108727	15	16
6.76171692507342	4.03718668571673	16	16
4.22096823807806	3.23297882732004	17	16
1.92326498939656	2.69672273588367	18	16
1.88011829624884	3.04317952739075	19	16
8.39456579950638	5.09080258035101	23	16
6.32002579211257	7.04556126659736	24	16
7.96050116955303	3.95454673212953	25	16
4.15077379299328	6.31066462909803	26	16
8.330556004541	9.56857698131353	28	16
5.50095435511321	1.81612501782365	31	16
3.91152996057645	3.802575774258	32	16
4.12105158111081	6.23056891839951	33	16
5.9093854194507	9.96302973013371	34	16
1.36441024765372	5.62667223252356	35	16
4.99462523916736	7.80505655822344	36	16
8.41466182935983	6.25669163512066	38	16
6.46108035417274	6.90014075557701	39	16
9.7969763786532	6.13956804154441	40	16
8.77688962849788	7.48705358081497	41	16
5.34026363003068	9.25485733873211	42	16
7.96715943911113	7.16628418350592	43	16
9.37315294868313	1.59020615462214	44	16
5.28679099585861	2.89412002358586	45	16
9.25206986558624	6.25711731007323	46	16
4.2868835455738	6.57176029682159	47	16
4.84092371584848	4.90912131918594	48	16
1.99260905897245	9.60670170956291	50	16
7.38507362618111	6.00611003814265	51	16
8.37256178236567	3.23512917524204	52	16
7.77609662804753	7.93412520200945	53	16
9.81180565012619	8.65388404903933	54	16
3.63316974532791	9.25282795215026	55	16
8.69236824568361	7.99851256818511	56	16
1.77169884182513	3.36860472825356	57	16
9.27325991820544	6.34858938399702	59	16
4.49557984620333	5.11325707030483	60	16
9.23618989530951	5.63142358348705	61	16
3.58619192941114	7.95117679052055	62	16
7.06363543053158	6.52175159519538	63	16
7.60798494936898	5.93742112535983	64	16
4.97660236828961	2.20932514150627	65	16
5.95867585274391	8.32480692211539	67	16
1.09787105349824	8.93162619951181	69	16
8.57206166628748	1.42831612587906	70	16
1.77292206743732	6.73541932413355	71	16
4.69843648537062	1.01112001948059	74	16
5.74427193286829	9.26542636961676	75	16
1.81370076606981	1.02359614917077	76	16
2.06016100221314	3.20246287854388	78	16
6.63905330002308	7.76024546427652	79	16
7.52622958412394	2.24997059302405	80	16
5.9760536942631	5.2985126809217	81	16
6.82354895281605	3.41942294570617	82	16
6.17474290984683	5.67500852653757	84	16
2.27487657801248	7.99901200179011	86	16
1.54253763426095	8.8719568264205	87	16
1.75455668265931	2.5625111553818	89	16
8.42190976790153	8.01857858453877	90	16
1.7864344958216	5.27794028026983	91	16
8.58643524721265	7.07151806144975	92	16
2.60640466352925	4.18082328676246	93	16
5.41963291261345	6.4559543216601	94	16
2.73718851082958	6.24740261514671	95	16
2.92419478669763	7.66807960555889	96	16
9.56083874125034	7.83763795881532	97	16
5.37184763024561	9.35248561878689	98	16
4.94541317247786	7.68545151059516	99	16
6.26240666396916	1.51704340521246	1	17
2.02403507707641	8.28495421633124	2	17
7.15838269330561	7.60341997421347	3	17
9.93257899465971	1.81239008367993	4	17
5.81494226050563	6.6644504708238	5	17
9.69952657655813	7.1894452071283	6	17
7.04284804244526	4.10743030114099	7	17
4.22526686149649	2.25784263969399	9	17
5.93935647537001	5.22408495144919	11	17
5.54906532680616	9.18157780007459	12	17
2.74452825216576	3.69644587649964	13	17
6.73213700437918	9.97175478003919	14	17
7.19020085036755	6.86987585108727	15	17
6.76171692507342	4.03718668571673	16	17
4.22096823807806	3.23297882732004	17	17
1.92326498939656	2.69672273588367	18	17
1.88011829624884	3.04317952739075	19	17
2.64597630314529	4.16442270181142	20	17
3.0511312650051	4.91762386308983	21	17
1.72471734834835	9.9029068981763	22	17
6.32002579211257	7.04556126659736	24	17
4.15077379299328	6.31066462909803	26	17
1.05455190478824	6.41255368827842	27	17
8.330556004541	9.56857698131353	28	17
2.80621164361946	3.04484000336379	30	17
3.91152996057645	3.802575774258	32	17
4.12105158111081	6.23056891839951	33	17
5.9093854194507	9.96302973013371	34	17
1.36441024765372	5.62667223252356	35	17
4.99462523916736	7.80505655822344	36	17
7.21882428904064	3.97326215356588	37	17
8.41466182935983	6.25669163512066	38	17
6.46108035417274	6.90014075557701	39	17
8.77688962849788	7.48705358081497	41	17
9.37315294868313	1.59020615462214	44	17
9.25206986558624	6.25711731007323	46	17
4.2868835455738	6.57176029682159	47	17
4.84092371584848	4.90912131918594	48	17
6.29292850103229	2.83916984428652	49	17
1.99260905897245	9.60670170956291	50	17
7.38507362618111	6.00611003814265	51	17
8.37256178236567	3.23512917524204	52	17
9.81180565012619	8.65388404903933	54	17
3.63316974532791	9.25282795215026	55	17
8.69236824568361	7.99851256818511	56	17
1.77169884182513	3.36860472825356	57	17
5.9437990935985	5.79924704413861	58	17
4.49557984620333	5.11325707030483	60	17
7.06363543053158	6.52175159519538	63	17
7.60798494936898	5.93742112535983	64	17
5.95867585274391	8.32480692211539	67	17
9.29585640178993	8.42564798146486	68	17
1.09787105349824	8.93162619951181	69	17
8.57206166628748	1.42831612587906	70	17
1.77292206743732	6.73541932413355	71	17
6.70950382482261	6.11001512315124	72	17
4.79553529946134	5.72607484413311	73	17
4.69843648537062	1.01112001948059	74	17
5.74427193286829	9.26542636961676	75	17
1.81370076606981	1.02359614917077	76	17
5.82450771774165	5.45509176608175	77	17
2.06016100221314	3.20246287854388	78	17
6.63905330002308	7.76024546427652	79	17
7.52622958412394	2.24997059302405	80	17
6.82354895281605	3.41942294570617	82	17
1.41895241895691	5.98678228096105	83	17
2.27487657801248	7.99901200179011	86	17
1.54253763426095	8.8719568264205	87	17
3.84960516402498	8.16147773945704	88	17
1.75455668265931	2.5625111553818	89	17
8.42190976790153	8.01857858453877	90	17
8.58643524721265	7.07151806144975	92	17
2.60640466352925	4.18082328676246	93	17
5.41963291261345	6.4559543216601	94	17
2.73718851082958	6.24740261514671	95	17
2.92419478669763	7.66807960555889	96	17
9.56083874125034	7.83763795881532	97	17
5.37184763024561	9.35248561878689	98	17
4.94541317247786	7.68545151059516	99	17
1.15510757500306	8.09709088248201	100	17
2.02403507707641	8.28495421633124	2	18
7.15838269330561	7.60341997421347	3	18
9.93257899465971	1.81239008367993	4	18
5.81494226050563	6.6644504708238	5	18
9.69952657655813	7.1894452071283	6	18
7.04284804244526	4.10743030114099	7	18
3.65119940973818	6.31079569272697	8	18
4.22526686149649	2.25784263969399	9	18
2.57783277775161	2.41977545595728	10	18
5.93935647537001	5.22408495144919	11	18
5.54906532680616	9.18157780007459	12	18
2.74452825216576	3.69644587649964	13	18
6.73213700437918	9.97175478003919	14	18
7.19020085036755	6.86987585108727	15	18
1.92326498939656	2.69672273588367	18	18
1.88011829624884	3.04317952739075	19	18
3.0511312650051	4.91762386308983	21	18
1.72471734834835	9.9029068981763	22	18
8.39456579950638	5.09080258035101	23	18
6.32002579211257	7.04556126659736	24	18
7.96050116955303	3.95454673212953	25	18
4.15077379299328	6.31066462909803	26	18
1.05455190478824	6.41255368827842	27	18
8.330556004541	9.56857698131353	28	18
1.01061305892654	2.22072569280863	29	18
2.80621164361946	3.04484000336379	30	18
5.50095435511321	1.81612501782365	31	18
3.91152996057645	3.802575774258	32	18
5.9093854194507	9.96302973013371	34	18
1.36441024765372	5.62667223252356	35	18
4.99462523916736	7.80505655822344	36	18
7.21882428904064	3.97326215356588	37	18
8.41466182935983	6.25669163512066	38	18
6.46108035417274	6.90014075557701	39	18
9.7969763786532	6.13956804154441	40	18
8.77688962849788	7.48705358081497	41	18
5.34026363003068	9.25485733873211	42	18
7.96715943911113	7.16628418350592	43	18
9.37315294868313	1.59020615462214	44	18
9.25206986558624	6.25711731007323	46	18
4.2868835455738	6.57176029682159	47	18
4.84092371584848	4.90912131918594	48	18
1.99260905897245	9.60670170956291	50	18
7.38507362618111	6.00611003814265	51	18
7.77609662804753	7.93412520200945	53	18
9.81180565012619	8.65388404903933	54	18
3.63316974532791	9.25282795215026	55	18
8.69236824568361	7.99851256818511	56	18
9.27325991820544	6.34858938399702	59	18
4.49557984620333	5.11325707030483	60	18
7.06363543053158	6.52175159519538	63	18
7.60798494936898	5.93742112535983	64	18
8.63501002523117	9.31810676516034	66	18
5.95867585274391	8.32480692211539	67	18
9.29585640178993	8.42564798146486	68	18
1.09787105349824	8.93162619951181	69	18
8.57206166628748	1.42831612587906	70	18
1.77292206743732	6.73541932413355	71	18
4.79553529946134	5.72607484413311	73	18
4.69843648537062	1.01112001948059	74	18
5.74427193286829	9.26542636961676	75	18
5.82450771774165	5.45509176608175	77	18
2.06016100221314	3.20246287854388	78	18
6.63905330002308	7.76024546427652	79	18
7.52622958412394	2.24997059302405	80	18
6.82354895281605	3.41942294570617	82	18
6.17474290984683	5.67500852653757	84	18
4.51289909821935	9.71991611341946	85	18
2.27487657801248	7.99901200179011	86	18
1.54253763426095	8.8719568264205	87	18
3.84960516402498	8.16147773945704	88	18
1.75455668265931	2.5625111553818	89	18
8.42190976790153	8.01857858453877	90	18
1.7864344958216	5.27794028026983	91	18
2.60640466352925	4.18082328676246	93	18
5.41963291261345	6.4559543216601	94	18
2.73718851082958	6.24740261514671	95	18
2.92419478669763	7.66807960555889	96	18
5.37184763024561	9.35248561878689	98	18
4.94541317247786	7.68545151059516	99	18
6.26240666396916	1.51704340521246	1	19
2.02403507707641	8.28495421633124	2	19
7.15838269330561	7.60341997421347	3	19
5.81494226050563	6.6644504708238	5	19
2.57783277775161	2.41977545595728	10	19
5.93935647537001	5.22408495144919	11	19
2.74452825216576	3.69644587649964	13	19
6.73213700437918	9.97175478003919	14	19
7.19020085036755	6.86987585108727	15	19
4.22096823807806	3.23297882732004	17	19
1.92326498939656	2.69672273588367	18	19
2.64597630314529	4.16442270181142	20	19
3.0511312650051	4.91762386308983	21	19
1.72471734834835	9.9029068981763	22	19
8.39456579950638	5.09080258035101	23	19
7.96050116955303	3.95454673212953	25	19
4.15077379299328	6.31066462909803	26	19
1.05455190478824	6.41255368827842	27	19
8.330556004541	9.56857698131353	28	19
1.01061305892654	2.22072569280863	29	19
2.80621164361946	3.04484000336379	30	19
5.50095435511321	1.81612501782365	31	19
3.91152996057645	3.802575774258	32	19
4.12105158111081	6.23056891839951	33	19
5.9093854194507	9.96302973013371	34	19
1.36441024765372	5.62667223252356	35	19
4.99462523916736	7.80505655822344	36	19
8.41466182935983	6.25669163512066	38	19
9.7969763786532	6.13956804154441	40	19
8.77688962849788	7.48705358081497	41	19
9.37315294868313	1.59020615462214	44	19
5.28679099585861	2.89412002358586	45	19
9.25206986558624	6.25711731007323	46	19
4.2868835455738	6.57176029682159	47	19
4.84092371584848	4.90912131918594	48	19
6.29292850103229	2.83916984428652	49	19
1.99260905897245	9.60670170956291	50	19
7.38507362618111	6.00611003814265	51	19
8.37256178236567	3.23512917524204	52	19
9.81180565012619	8.65388404903933	54	19
8.69236824568361	7.99851256818511	56	19
1.77169884182513	3.36860472825356	57	19
5.9437990935985	5.79924704413861	58	19
9.27325991820544	6.34858938399702	59	19
4.49557984620333	5.11325707030483	60	19
9.23618989530951	5.63142358348705	61	19
3.58619192941114	7.95117679052055	62	19
7.06363543053158	6.52175159519538	63	19
7.60798494936898	5.93742112535983	64	19
4.97660236828961	2.20932514150627	65	19
8.63501002523117	9.31810676516034	66	19
5.95867585274391	8.32480692211539	67	19
9.29585640178993	8.42564798146486	68	19
1.09787105349824	8.93162619951181	69	19
8.57206166628748	1.42831612587906	70	19
1.77292206743732	6.73541932413355	71	19
4.69843648537062	1.01112001948059	74	19
5.74427193286829	9.26542636961676	75	19
1.81370076606981	1.02359614917077	76	19
5.82450771774165	5.45509176608175	77	19
2.06016100221314	3.20246287854388	78	19
7.52622958412394	2.24997059302405	80	19
5.9760536942631	5.2985126809217	81	19
6.82354895281605	3.41942294570617	82	19
1.41895241895691	5.98678228096105	83	19
6.17474290984683	5.67500852653757	84	19
4.51289909821935	9.71991611341946	85	19
2.27487657801248	7.99901200179011	86	19
1.54253763426095	8.8719568264205	87	19
3.84960516402498	8.16147773945704	88	19
1.75455668265931	2.5625111553818	89	19
8.42190976790153	8.01857858453877	90	19
1.7864344958216	5.27794028026983	91	19
8.58643524721265	7.07151806144975	92	19
5.41963291261345	6.4559543216601	94	19
2.92419478669763	7.66807960555889	96	19
9.56083874125034	7.83763795881532	97	19
5.37184763024561	9.35248561878689	98	19
4.94541317247786	7.68545151059516	99	19
1.15510757500306	8.09709088248201	100	19
6.26240666396916	1.51704340521246	1	20
2.02403507707641	8.28495421633124	2	20
7.15838269330561	7.60341997421347	3	20
9.93257899465971	1.81239008367993	4	20
5.81494226050563	6.6644504708238	5	20
7.04284804244526	4.10743030114099	7	20
3.65119940973818	6.31079569272697	8	20
4.22526686149649	2.25784263969399	9	20
2.57783277775161	2.41977545595728	10	20
5.93935647537001	5.22408495144919	11	20
6.73213700437918	9.97175478003919	14	20
7.19020085036755	6.86987585108727	15	20
4.22096823807806	3.23297882732004	17	20
1.92326498939656	2.69672273588367	18	20
1.88011829624884	3.04317952739075	19	20
3.0511312650051	4.91762386308983	21	20
8.39456579950638	5.09080258035101	23	20
6.32002579211257	7.04556126659736	24	20
7.96050116955303	3.95454673212953	25	20
4.15077379299328	6.31066462909803	26	20
1.05455190478824	6.41255368827842	27	20
8.330556004541	9.56857698131353	28	20
1.01061305892654	2.22072569280863	29	20
2.80621164361946	3.04484000336379	30	20
5.50095435511321	1.81612501782365	31	20
3.91152996057645	3.802575774258	32	20
4.12105158111081	6.23056891839951	33	20
5.9093854194507	9.96302973013371	34	20
4.99462523916736	7.80505655822344	36	20
7.21882428904064	3.97326215356588	37	20
8.41466182935983	6.25669163512066	38	20
6.46108035417274	6.90014075557701	39	20
9.7969763786532	6.13956804154441	40	20
8.77688962849788	7.48705358081497	41	20
5.34026363003068	9.25485733873211	42	20
7.96715943911113	7.16628418350592	43	20
9.37315294868313	1.59020615462214	44	20
5.28679099585861	2.89412002358586	45	20
9.25206986558624	6.25711731007323	46	20
4.2868835455738	6.57176029682159	47	20
6.29292850103229	2.83916984428652	49	20
1.99260905897245	9.60670170956291	50	20
7.77609662804753	7.93412520200945	53	20
9.81180565012619	8.65388404903933	54	20
8.69236824568361	7.99851256818511	56	20
5.9437990935985	5.79924704413861	58	20
9.27325991820544	6.34858938399702	59	20
4.49557984620333	5.11325707030483	60	20
9.23618989530951	5.63142358348705	61	20
3.58619192941114	7.95117679052055	62	20
7.06363543053158	6.52175159519538	63	20
7.60798494936898	5.93742112535983	64	20
4.97660236828961	2.20932514150627	65	20
8.63501002523117	9.31810676516034	66	20
5.95867585274391	8.32480692211539	67	20
1.09787105349824	8.93162619951181	69	20
8.57206166628748	1.42831612587906	70	20
1.77292206743732	6.73541932413355	71	20
6.70950382482261	6.11001512315124	72	20
4.79553529946134	5.72607484413311	73	20
4.69843648537062	1.01112001948059	74	20
5.74427193286829	9.26542636961676	75	20
1.81370076606981	1.02359614917077	76	20
5.82450771774165	5.45509176608175	77	20
6.63905330002308	7.76024546427652	79	20
5.9760536942631	5.2985126809217	81	20
6.82354895281605	3.41942294570617	82	20
1.41895241895691	5.98678228096105	83	20
6.17474290984683	5.67500852653757	84	20
2.27487657801248	7.99901200179011	86	20
3.84960516402498	8.16147773945704	88	20
8.42190976790153	8.01857858453877	90	20
1.7864344958216	5.27794028026983	91	20
8.58643524721265	7.07151806144975	92	20
2.60640466352925	4.18082328676246	93	20
2.92419478669763	7.66807960555889	96	20
9.56083874125034	7.83763795881532	97	20
5.37184763024561	9.35248561878689	98	20
4.94541317247786	7.68545151059516	99	20
1.15510757500306	8.09709088248201	100	20
6.26240666396916	1.51704340521246	1	21
2.02403507707641	8.28495421633124	2	21
9.93257899465971	1.81239008367993	4	21
5.81494226050563	6.6644504708238	5	21
9.69952657655813	7.1894452071283	6	21
7.04284804244526	4.10743030114099	7	21
3.65119940973818	6.31079569272697	8	21
4.22526686149649	2.25784263969399	9	21
2.57783277775161	2.41977545595728	10	21
5.93935647537001	5.22408495144919	11	21
5.54906532680616	9.18157780007459	12	21
6.73213700437918	9.97175478003919	14	21
4.22096823807806	3.23297882732004	17	21
1.92326498939656	2.69672273588367	18	21
1.88011829624884	3.04317952739075	19	21
2.64597630314529	4.16442270181142	20	21
3.0511312650051	4.91762386308983	21	21
7.96050116955303	3.95454673212953	25	21
4.15077379299328	6.31066462909803	26	21
1.05455190478824	6.41255368827842	27	21
8.330556004541	9.56857698131353	28	21
2.80621164361946	3.04484000336379	30	21
5.50095435511321	1.81612501782365	31	21
3.91152996057645	3.802575774258	32	21
4.12105158111081	6.23056891839951	33	21
5.9093854194507	9.96302973013371	34	21
1.36441024765372	5.62667223252356	35	21
7.21882428904064	3.97326215356588	37	21
8.41466182935983	6.25669163512066	38	21
9.7969763786532	6.13956804154441	40	21
8.77688962849788	7.48705358081497	41	21
5.34026363003068	9.25485733873211	42	21
7.96715943911113	7.16628418350592	43	21
9.37315294868313	1.59020615462214	44	21
5.28679099585861	2.89412002358586	45	21
9.25206986558624	6.25711731007323	46	21
4.2868835455738	6.57176029682159	47	21
4.84092371584848	4.90912131918594	48	21
6.29292850103229	2.83916984428652	49	21
1.99260905897245	9.60670170956291	50	21
7.38507362618111	6.00611003814265	51	21
8.37256178236567	3.23512917524204	52	21
7.77609662804753	7.93412520200945	53	21
9.81180565012619	8.65388404903933	54	21
3.63316974532791	9.25282795215026	55	21
8.69236824568361	7.99851256818511	56	21
1.77169884182513	3.36860472825356	57	21
5.9437990935985	5.79924704413861	58	21
9.27325991820544	6.34858938399702	59	21
4.49557984620333	5.11325707030483	60	21
9.23618989530951	5.63142358348705	61	21
3.58619192941114	7.95117679052055	62	21
7.60798494936898	5.93742112535983	64	21
4.97660236828961	2.20932514150627	65	21
8.63501002523117	9.31810676516034	66	21
5.95867585274391	8.32480692211539	67	21
9.29585640178993	8.42564798146486	68	21
1.09787105349824	8.93162619951181	69	21
8.57206166628748	1.42831612587906	70	21
1.77292206743732	6.73541932413355	71	21
6.70950382482261	6.11001512315124	72	21
4.79553529946134	5.72607484413311	73	21
4.69843648537062	1.01112001948059	74	21
5.82450771774165	5.45509176608175	77	21
2.06016100221314	3.20246287854388	78	21
6.63905330002308	7.76024546427652	79	21
7.52622958412394	2.24997059302405	80	21
5.9760536942631	5.2985126809217	81	21
1.41895241895691	5.98678228096105	83	21
6.17474290984683	5.67500852653757	84	21
1.54253763426095	8.8719568264205	87	21
3.84960516402498	8.16147773945704	88	21
1.75455668265931	2.5625111553818	89	21
8.42190976790153	8.01857858453877	90	21
1.7864344958216	5.27794028026983	91	21
2.73718851082958	6.24740261514671	95	21
2.92419478669763	7.66807960555889	96	21
9.56083874125034	7.83763795881532	97	21
5.37184763024561	9.35248561878689	98	21
1.15510757500306	8.09709088248201	100	21
6.26240666396916	1.51704340521246	1	22
2.02403507707641	8.28495421633124	2	22
7.15838269330561	7.60341997421347	3	22
9.93257899465971	1.81239008367993	4	22
5.81494226050563	6.6644504708238	5	22
7.04284804244526	4.10743030114099	7	22
3.65119940973818	6.31079569272697	8	22
4.22526686149649	2.25784263969399	9	22
2.57783277775161	2.41977545595728	10	22
5.54906532680616	9.18157780007459	12	22
2.74452825216576	3.69644587649964	13	22
6.73213700437918	9.97175478003919	14	22
6.76171692507342	4.03718668571673	16	22
4.22096823807806	3.23297882732004	17	22
1.88011829624884	3.04317952739075	19	22
2.64597630314529	4.16442270181142	20	22
3.0511312650051	4.91762386308983	21	22
1.72471734834835	9.9029068981763	22	22
6.32002579211257	7.04556126659736	24	22
7.96050116955303	3.95454673212953	25	22
4.15077379299328	6.31066462909803	26	22
1.05455190478824	6.41255368827842	27	22
8.330556004541	9.56857698131353	28	22
1.01061305892654	2.22072569280863	29	22
2.80621164361946	3.04484000336379	30	22
5.50095435511321	1.81612501782365	31	22
3.91152996057645	3.802575774258	32	22
4.12105158111081	6.23056891839951	33	22
5.9093854194507	9.96302973013371	34	22
1.36441024765372	5.62667223252356	35	22
4.99462523916736	7.80505655822344	36	22
7.21882428904064	3.97326215356588	37	22
8.41466182935983	6.25669163512066	38	22
6.46108035417274	6.90014075557701	39	22
9.7969763786532	6.13956804154441	40	22
8.77688962849788	7.48705358081497	41	22
5.34026363003068	9.25485733873211	42	22
9.37315294868313	1.59020615462214	44	22
5.28679099585861	2.89412002358586	45	22
9.25206986558624	6.25711731007323	46	22
4.2868835455738	6.57176029682159	47	22
4.84092371584848	4.90912131918594	48	22
1.99260905897245	9.60670170956291	50	22
7.38507362618111	6.00611003814265	51	22
8.37256178236567	3.23512917524204	52	22
7.77609662804753	7.93412520200945	53	22
9.81180565012619	8.65388404903933	54	22
3.63316974532791	9.25282795215026	55	22
8.69236824568361	7.99851256818511	56	22
1.77169884182513	3.36860472825356	57	22
5.9437990935985	5.79924704413861	58	22
9.27325991820544	6.34858938399702	59	22
9.23618989530951	5.63142358348705	61	22
3.58619192941114	7.95117679052055	62	22
8.63501002523117	9.31810676516034	66	22
5.95867585274391	8.32480692211539	67	22
8.57206166628748	1.42831612587906	70	22
6.70950382482261	6.11001512315124	72	22
4.79553529946134	5.72607484413311	73	22
4.69843648537062	1.01112001948059	74	22
1.81370076606981	1.02359614917077	76	22
5.82450771774165	5.45509176608175	77	22
6.63905330002308	7.76024546427652	79	22
6.82354895281605	3.41942294570617	82	22
1.41895241895691	5.98678228096105	83	22
6.17474290984683	5.67500852653757	84	22
4.51289909821935	9.71991611341946	85	22
2.27487657801248	7.99901200179011	86	22
3.84960516402498	8.16147773945704	88	22
1.75455668265931	2.5625111553818	89	22
8.42190976790153	8.01857858453877	90	22
1.7864344958216	5.27794028026983	91	22
8.58643524721265	7.07151806144975	92	22
5.41963291261345	6.4559543216601	94	22
2.73718851082958	6.24740261514671	95	22
2.92419478669763	7.66807960555889	96	22
9.56083874125034	7.83763795881532	97	22
5.37184763024561	9.35248561878689	98	22
4.94541317247786	7.68545151059516	99	22
1.15510757500306	8.09709088248201	100	22
6.26240666396916	1.51704340521246	1	23
2.02403507707641	8.28495421633124	2	23
7.15838269330561	7.60341997421347	3	23
9.93257899465971	1.81239008367993	4	23
5.81494226050563	6.6644504708238	5	23
7.04284804244526	4.10743030114099	7	23
3.65119940973818	6.31079569272697	8	23
4.22526686149649	2.25784263969399	9	23
2.57783277775161	2.41977545595728	10	23
5.93935647537001	5.22408495144919	11	23
5.54906532680616	9.18157780007459	12	23
2.74452825216576	3.69644587649964	13	23
6.73213700437918	9.97175478003919	14	23
7.19020085036755	6.86987585108727	15	23
4.22096823807806	3.23297882732004	17	23
1.92326498939656	2.69672273588367	18	23
1.88011829624884	3.04317952739075	19	23
3.0511312650051	4.91762386308983	21	23
8.39456579950638	5.09080258035101	23	23
6.32002579211257	7.04556126659736	24	23
4.15077379299328	6.31066462909803	26	23
1.05455190478824	6.41255368827842	27	23
8.330556004541	9.56857698131353	28	23
1.01061305892654	2.22072569280863	29	23
2.80621164361946	3.04484000336379	30	23
4.12105158111081	6.23056891839951	33	23
5.9093854194507	9.96302973013371	34	23
1.36441024765372	5.62667223252356	35	23
4.99462523916736	7.80505655822344	36	23
7.21882428904064	3.97326215356588	37	23
8.41466182935983	6.25669163512066	38	23
6.46108035417274	6.90014075557701	39	23
8.77688962849788	7.48705358081497	41	23
7.96715943911113	7.16628418350592	43	23
9.37315294868313	1.59020615462214	44	23
5.28679099585861	2.89412002358586	45	23
9.25206986558624	6.25711731007323	46	23
4.2868835455738	6.57176029682159	47	23
4.84092371584848	4.90912131918594	48	23
6.29292850103229	2.83916984428652	49	23
7.38507362618111	6.00611003814265	51	23
8.37256178236567	3.23512917524204	52	23
7.77609662804753	7.93412520200945	53	23
3.63316974532791	9.25282795215026	55	23
1.77169884182513	3.36860472825356	57	23
5.9437990935985	5.79924704413861	58	23
9.27325991820544	6.34858938399702	59	23
3.58619192941114	7.95117679052055	62	23
7.06363543053158	6.52175159519538	63	23
7.60798494936898	5.93742112535983	64	23
4.97660236828961	2.20932514150627	65	23
5.95867585274391	8.32480692211539	67	23
9.29585640178993	8.42564798146486	68	23
1.77292206743732	6.73541932413355	71	23
4.79553529946134	5.72607484413311	73	23
4.69843648537062	1.01112001948059	74	23
5.74427193286829	9.26542636961676	75	23
1.81370076606981	1.02359614917077	76	23
5.82450771774165	5.45509176608175	77	23
2.06016100221314	3.20246287854388	78	23
6.63905330002308	7.76024546427652	79	23
6.82354895281605	3.41942294570617	82	23
1.41895241895691	5.98678228096105	83	23
6.17474290984683	5.67500852653757	84	23
4.51289909821935	9.71991611341946	85	23
2.27487657801248	7.99901200179011	86	23
1.54253763426095	8.8719568264205	87	23
3.84960516402498	8.16147773945704	88	23
1.75455668265931	2.5625111553818	89	23
8.42190976790153	8.01857858453877	90	23
1.7864344958216	5.27794028026983	91	23
8.58643524721265	7.07151806144975	92	23
2.60640466352925	4.18082328676246	93	23
5.41963291261345	6.4559543216601	94	23
2.73718851082958	6.24740261514671	95	23
2.92419478669763	7.66807960555889	96	23
9.56083874125034	7.83763795881532	97	23
5.37184763024561	9.35248561878689	98	23
4.94541317247786	7.68545151059516	99	23
1.15510757500306	8.09709088248201	100	23
6.26240666396916	1.51704340521246	1	24
2.02403507707641	8.28495421633124	2	24
9.93257899465971	1.81239008367993	4	24
5.81494226050563	6.6644504708238	5	24
9.69952657655813	7.1894452071283	6	24
7.04284804244526	4.10743030114099	7	24
4.22526686149649	2.25784263969399	9	24
5.93935647537001	5.22408495144919	11	24
5.54906532680616	9.18157780007459	12	24
2.74452825216576	3.69644587649964	13	24
6.73213700437918	9.97175478003919	14	24
6.76171692507342	4.03718668571673	16	24
4.22096823807806	3.23297882732004	17	24
1.92326498939656	2.69672273588367	18	24
1.88011829624884	3.04317952739075	19	24
1.72471734834835	9.9029068981763	22	24
8.39456579950638	5.09080258035101	23	24
6.32002579211257	7.04556126659736	24	24
7.96050116955303	3.95454673212953	25	24
4.15077379299328	6.31066462909803	26	24
1.05455190478824	6.41255368827842	27	24
8.330556004541	9.56857698131353	28	24
1.01061305892654	2.22072569280863	29	24
2.80621164361946	3.04484000336379	30	24
3.91152996057645	3.802575774258	32	24
5.9093854194507	9.96302973013371	34	24
1.36441024765372	5.62667223252356	35	24
7.21882428904064	3.97326215356588	37	24
8.41466182935983	6.25669163512066	38	24
6.46108035417274	6.90014075557701	39	24
9.7969763786532	6.13956804154441	40	24
8.77688962849788	7.48705358081497	41	24
9.37315294868313	1.59020615462214	44	24
5.28679099585861	2.89412002358586	45	24
9.25206986558624	6.25711731007323	46	24
4.2868835455738	6.57176029682159	47	24
4.84092371584848	4.90912131918594	48	24
6.29292850103229	2.83916984428652	49	24
1.99260905897245	9.60670170956291	50	24
7.38507362618111	6.00611003814265	51	24
8.37256178236567	3.23512917524204	52	24
7.77609662804753	7.93412520200945	53	24
9.81180565012619	8.65388404903933	54	24
3.63316974532791	9.25282795215026	55	24
1.77169884182513	3.36860472825356	57	24
5.9437990935985	5.79924704413861	58	24
9.27325991820544	6.34858938399702	59	24
4.49557984620333	5.11325707030483	60	24
9.23618989530951	5.63142358348705	61	24
3.58619192941114	7.95117679052055	62	24
7.06363543053158	6.52175159519538	63	24
4.97660236828961	2.20932514150627	65	24
8.63501002523117	9.31810676516034	66	24
5.95867585274391	8.32480692211539	67	24
9.29585640178993	8.42564798146486	68	24
1.09787105349824	8.93162619951181	69	24
8.57206166628748	1.42831612587906	70	24
6.70950382482261	6.11001512315124	72	24
5.74427193286829	9.26542636961676	75	24
5.82450771774165	5.45509176608175	77	24
2.06016100221314	3.20246287854388	78	24
6.63905330002308	7.76024546427652	79	24
7.52622958412394	2.24997059302405	80	24
5.9760536942631	5.2985126809217	81	24
6.82354895281605	3.41942294570617	82	24
1.41895241895691	5.98678228096105	83	24
6.17474290984683	5.67500852653757	84	24
2.27487657801248	7.99901200179011	86	24
1.54253763426095	8.8719568264205	87	24
3.84960516402498	8.16147773945704	88	24
1.75455668265931	2.5625111553818	89	24
8.42190976790153	8.01857858453877	90	24
1.7864344958216	5.27794028026983	91	24
8.58643524721265	7.07151806144975	92	24
2.60640466352925	4.18082328676246	93	24
5.41963291261345	6.4559543216601	94	24
2.92419478669763	7.66807960555889	96	24
9.56083874125034	7.83763795881532	97	24
5.37184763024561	9.35248561878689	98	24
4.94541317247786	7.68545151059516	99	24
6.26240666396916	1.51704340521246	1	25
2.02403507707641	8.28495421633124	2	25
7.15838269330561	7.60341997421347	3	25
9.93257899465971	1.81239008367993	4	25
9.69952657655813	7.1894452071283	6	25
7.04284804244526	4.10743030114099	7	25
3.65119940973818	6.31079569272697	8	25
4.22526686149649	2.25784263969399	9	25
2.57783277775161	2.41977545595728	10	25
5.93935647537001	5.22408495144919	11	25
5.54906532680616	9.18157780007459	12	25
7.19020085036755	6.86987585108727	15	25
6.76171692507342	4.03718668571673	16	25
4.22096823807806	3.23297882732004	17	25
1.92326498939656	2.69672273588367	18	25
1.88011829624884	3.04317952739075	19	25
2.64597630314529	4.16442270181142	20	25
1.72471734834835	9.9029068981763	22	25
6.32002579211257	7.04556126659736	24	25
7.96050116955303	3.95454673212953	25	25
4.15077379299328	6.31066462909803	26	25
1.05455190478824	6.41255368827842	27	25
8.330556004541	9.56857698131353	28	25
2.80621164361946	3.04484000336379	30	25
5.50095435511321	1.81612501782365	31	25
3.91152996057645	3.802575774258	32	25
4.12105158111081	6.23056891839951	33	25
1.36441024765372	5.62667223252356	35	25
4.99462523916736	7.80505655822344	36	25
7.21882428904064	3.97326215356588	37	25
6.46108035417274	6.90014075557701	39	25
9.7969763786532	6.13956804154441	40	25
8.77688962849788	7.48705358081497	41	25
5.34026363003068	9.25485733873211	42	25
7.96715943911113	7.16628418350592	43	25
9.37315294868313	1.59020615462214	44	25
5.28679099585861	2.89412002358586	45	25
9.25206986558624	6.25711731007323	46	25
4.84092371584848	4.90912131918594	48	25
7.38507362618111	6.00611003814265	51	25
8.37256178236567	3.23512917524204	52	25
7.77609662804753	7.93412520200945	53	25
9.81180565012619	8.65388404903933	54	25
3.63316974532791	9.25282795215026	55	25
8.69236824568361	7.99851256818511	56	25
1.77169884182513	3.36860472825356	57	25
5.9437990935985	5.79924704413861	58	25
9.27325991820544	6.34858938399702	59	25
4.49557984620333	5.11325707030483	60	25
3.58619192941114	7.95117679052055	62	25
7.06363543053158	6.52175159519538	63	25
7.60798494936898	5.93742112535983	64	25
4.97660236828961	2.20932514150627	65	25
8.63501002523117	9.31810676516034	66	25
5.95867585274391	8.32480692211539	67	25
9.29585640178993	8.42564798146486	68	25
1.09787105349824	8.93162619951181	69	25
8.57206166628748	1.42831612587906	70	25
1.77292206743732	6.73541932413355	71	25
6.70950382482261	6.11001512315124	72	25
5.74427193286829	9.26542636961676	75	25
2.06016100221314	3.20246287854388	78	25
6.63905330002308	7.76024546427652	79	25
7.52622958412394	2.24997059302405	80	25
6.82354895281605	3.41942294570617	82	25
1.41895241895691	5.98678228096105	83	25
6.17474290984683	5.67500852653757	84	25
4.51289909821935	9.71991611341946	85	25
2.27487657801248	7.99901200179011	86	25
1.54253763426095	8.8719568264205	87	25
3.84960516402498	8.16147773945704	88	25
1.75455668265931	2.5625111553818	89	25
8.42190976790153	8.01857858453877	90	25
1.7864344958216	5.27794028026983	91	25
5.41963291261345	6.4559543216601	94	25
2.73718851082958	6.24740261514671	95	25
2.92419478669763	7.66807960555889	96	25
9.56083874125034	7.83763795881532	97	25
5.37184763024561	9.35248561878689	98	25
4.94541317247786	7.68545151059516	99	25
6.26240666396916	1.51704340521246	1	26
2.02403507707641	8.28495421633124	2	26
7.15838269330561	7.60341997421347	3	26
9.93257899465971	1.81239008367993	4	26
5.81494226050563	6.6644504708238	5	26
3.65119940973818	6.31079569272697	8	26
4.22526686149649	2.25784263969399	9	26
2.57783277775161	2.41977545595728	10	26
5.93935647537001	5.22408495144919	11	26
2.74452825216576	3.69644587649964	13	26
6.73213700437918	9.97175478003919	14	26
7.19020085036755	6.86987585108727	15	26
6.76171692507342	4.03718668571673	16	26
4.22096823807806	3.23297882732004	17	26
1.88011829624884	3.04317952739075	19	26
2.64597630314529	4.16442270181142	20	26
3.0511312650051	4.91762386308983	21	26
1.72471734834835	9.9029068981763	22	26
6.32002579211257	7.04556126659736	24	26
7.96050116955303	3.95454673212953	25	26
4.15077379299328	6.31066462909803	26	26
1.05455190478824	6.41255368827842	27	26
8.330556004541	9.56857698131353	28	26
1.01061305892654	2.22072569280863	29	26
2.80621164361946	3.04484000336379	30	26
5.50095435511321	1.81612501782365	31	26
3.91152996057645	3.802575774258	32	26
4.12105158111081	6.23056891839951	33	26
5.9093854194507	9.96302973013371	34	26
1.36441024765372	5.62667223252356	35	26
7.21882428904064	3.97326215356588	37	26
8.41466182935983	6.25669163512066	38	26
6.46108035417274	6.90014075557701	39	26
5.34026363003068	9.25485733873211	42	26
7.96715943911113	7.16628418350592	43	26
9.25206986558624	6.25711731007323	46	26
4.2868835455738	6.57176029682159	47	26
4.84092371584848	4.90912131918594	48	26
6.29292850103229	2.83916984428652	49	26
1.99260905897245	9.60670170956291	50	26
7.38507362618111	6.00611003814265	51	26
8.37256178236567	3.23512917524204	52	26
7.77609662804753	7.93412520200945	53	26
9.81180565012619	8.65388404903933	54	26
8.69236824568361	7.99851256818511	56	26
1.77169884182513	3.36860472825356	57	26
5.9437990935985	5.79924704413861	58	26
4.49557984620333	5.11325707030483	60	26
9.23618989530951	5.63142358348705	61	26
3.58619192941114	7.95117679052055	62	26
4.97660236828961	2.20932514150627	65	26
8.63501002523117	9.31810676516034	66	26
5.95867585274391	8.32480692211539	67	26
1.09787105349824	8.93162619951181	69	26
8.57206166628748	1.42831612587906	70	26
6.70950382482261	6.11001512315124	72	26
4.79553529946134	5.72607484413311	73	26
4.69843648537062	1.01112001948059	74	26
5.74427193286829	9.26542636961676	75	26
1.81370076606981	1.02359614917077	76	26
5.82450771774165	5.45509176608175	77	26
2.06016100221314	3.20246287854388	78	26
6.63905330002308	7.76024546427652	79	26
5.9760536942631	5.2985126809217	81	26
6.82354895281605	3.41942294570617	82	26
1.41895241895691	5.98678228096105	83	26
6.17474290984683	5.67500852653757	84	26
4.51289909821935	9.71991611341946	85	26
1.54253763426095	8.8719568264205	87	26
3.84960516402498	8.16147773945704	88	26
1.75455668265931	2.5625111553818	89	26
8.42190976790153	8.01857858453877	90	26
1.7864344958216	5.27794028026983	91	26
8.58643524721265	7.07151806144975	92	26
2.60640466352925	4.18082328676246	93	26
5.41963291261345	6.4559543216601	94	26
2.92419478669763	7.66807960555889	96	26
5.37184763024561	9.35248561878689	98	26
4.94541317247786	7.68545151059516	99	26
1.15510757500306	8.09709088248201	100	26
6.26240666396916	1.51704340521246	1	27
9.93257899465971	1.81239008367993	4	27
5.81494226050563	6.6644504708238	5	27
3.65119940973818	6.31079569272697	8	27
4.22526686149649	2.25784263969399	9	27
2.57783277775161	2.41977545595728	10	27
5.93935647537001	5.22408495144919	11	27
5.54906532680616	9.18157780007459	12	27
6.73213700437918	9.97175478003919	14	27
7.19020085036755	6.86987585108727	15	27
6.76171692507342	4.03718668571673	16	27
4.22096823807806	3.23297882732004	17	27
1.92326498939656	2.69672273588367	18	27
1.88011829624884	3.04317952739075	19	27
2.64597630314529	4.16442270181142	20	27
3.0511312650051	4.91762386308983	21	27
8.39456579950638	5.09080258035101	23	27
4.15077379299328	6.31066462909803	26	27
1.05455190478824	6.41255368827842	27	27
8.330556004541	9.56857698131353	28	27
1.01061305892654	2.22072569280863	29	27
2.80621164361946	3.04484000336379	30	27
3.91152996057645	3.802575774258	32	27
4.12105158111081	6.23056891839951	33	27
5.9093854194507	9.96302973013371	34	27
1.36441024765372	5.62667223252356	35	27
4.99462523916736	7.80505655822344	36	27
7.21882428904064	3.97326215356588	37	27
8.41466182935983	6.25669163512066	38	27
9.7969763786532	6.13956804154441	40	27
8.77688962849788	7.48705358081497	41	27
5.34026363003068	9.25485733873211	42	27
7.96715943911113	7.16628418350592	43	27
9.37315294868313	1.59020615462214	44	27
5.28679099585861	2.89412002358586	45	27
4.2868835455738	6.57176029682159	47	27
4.84092371584848	4.90912131918594	48	27
1.99260905897245	9.60670170956291	50	27
7.38507362618111	6.00611003814265	51	27
8.37256178236567	3.23512917524204	52	27
9.81180565012619	8.65388404903933	54	27
3.63316974532791	9.25282795215026	55	27
8.69236824568361	7.99851256818511	56	27
1.77169884182513	3.36860472825356	57	27
5.9437990935985	5.79924704413861	58	27
9.27325991820544	6.34858938399702	59	27
4.49557984620333	5.11325707030483	60	27
9.23618989530951	5.63142358348705	61	27
3.58619192941114	7.95117679052055	62	27
7.06363543053158	6.52175159519538	63	27
7.60798494936898	5.93742112535983	64	27
4.97660236828961	2.20932514150627	65	27
8.63501002523117	9.31810676516034	66	27
9.29585640178993	8.42564798146486	68	27
1.09787105349824	8.93162619951181	69	27
8.57206166628748	1.42831612587906	70	27
1.77292206743732	6.73541932413355	71	27
6.70950382482261	6.11001512315124	72	27
4.79553529946134	5.72607484413311	73	27
4.69843648537062	1.01112001948059	74	27
5.74427193286829	9.26542636961676	75	27
1.81370076606981	1.02359614917077	76	27
5.82450771774165	5.45509176608175	77	27
2.06016100221314	3.20246287854388	78	27
6.63905330002308	7.76024546427652	79	27
7.52622958412394	2.24997059302405	80	27
1.41895241895691	5.98678228096105	83	27
6.17474290984683	5.67500852653757	84	27
4.51289909821935	9.71991611341946	85	27
1.54253763426095	8.8719568264205	87	27
3.84960516402498	8.16147773945704	88	27
1.75455668265931	2.5625111553818	89	27
8.42190976790153	8.01857858453877	90	27
2.60640466352925	4.18082328676246	93	27
5.41963291261345	6.4559543216601	94	27
2.73718851082958	6.24740261514671	95	27
2.92419478669763	7.66807960555889	96	27
9.56083874125034	7.83763795881532	97	27
5.37184763024561	9.35248561878689	98	27
1.15510757500306	8.09709088248201	100	27
6.26240666396916	1.51704340521246	1	28
2.02403507707641	8.28495421633124	2	28
9.93257899465971	1.81239008367993	4	28
5.81494226050563	6.6644504708238	5	28
9.69952657655813	7.1894452071283	6	28
7.04284804244526	4.10743030114099	7	28
3.65119940973818	6.31079569272697	8	28
4.22526686149649	2.25784263969399	9	28
2.57783277775161	2.41977545595728	10	28
5.93935647537001	5.22408495144919	11	28
5.54906532680616	9.18157780007459	12	28
2.74452825216576	3.69644587649964	13	28
6.73213700437918	9.97175478003919	14	28
7.19020085036755	6.86987585108727	15	28
4.22096823807806	3.23297882732004	17	28
1.92326498939656	2.69672273588367	18	28
1.88011829624884	3.04317952739075	19	28
2.64597630314529	4.16442270181142	20	28
3.0511312650051	4.91762386308983	21	28
1.72471734834835	9.9029068981763	22	28
8.39456579950638	5.09080258035101	23	28
7.96050116955303	3.95454673212953	25	28
4.15077379299328	6.31066462909803	26	28
1.05455190478824	6.41255368827842	27	28
8.330556004541	9.56857698131353	28	28
1.01061305892654	2.22072569280863	29	28
5.50095435511321	1.81612501782365	31	28
3.91152996057645	3.802575774258	32	28
4.12105158111081	6.23056891839951	33	28
5.9093854194507	9.96302973013371	34	28
4.99462523916736	7.80505655822344	36	28
8.41466182935983	6.25669163512066	38	28
8.77688962849788	7.48705358081497	41	28
5.34026363003068	9.25485733873211	42	28
7.96715943911113	7.16628418350592	43	28
5.28679099585861	2.89412002358586	45	28
9.25206986558624	6.25711731007323	46	28
4.2868835455738	6.57176029682159	47	28
4.84092371584848	4.90912131918594	48	28
6.29292850103229	2.83916984428652	49	28
1.99260905897245	9.60670170956291	50	28
7.38507362618111	6.00611003814265	51	28
8.37256178236567	3.23512917524204	52	28
7.77609662804753	7.93412520200945	53	28
9.81180565012619	8.65388404903933	54	28
8.69236824568361	7.99851256818511	56	28
1.77169884182513	3.36860472825356	57	28
5.9437990935985	5.79924704413861	58	28
9.27325991820544	6.34858938399702	59	28
4.49557984620333	5.11325707030483	60	28
9.23618989530951	5.63142358348705	61	28
3.58619192941114	7.95117679052055	62	28
7.60798494936898	5.93742112535983	64	28
4.97660236828961	2.20932514150627	65	28
8.63501002523117	9.31810676516034	66	28
5.95867585274391	8.32480692211539	67	28
1.09787105349824	8.93162619951181	69	28
8.57206166628748	1.42831612587906	70	28
1.77292206743732	6.73541932413355	71	28
6.70950382482261	6.11001512315124	72	28
5.74427193286829	9.26542636961676	75	28
5.82450771774165	5.45509176608175	77	28
2.06016100221314	3.20246287854388	78	28
6.63905330002308	7.76024546427652	79	28
7.52622958412394	2.24997059302405	80	28
5.9760536942631	5.2985126809217	81	28
1.41895241895691	5.98678228096105	83	28
6.17474290984683	5.67500852653757	84	28
4.51289909821935	9.71991611341946	85	28
2.27487657801248	7.99901200179011	86	28
1.54253763426095	8.8719568264205	87	28
3.84960516402498	8.16147773945704	88	28
1.75455668265931	2.5625111553818	89	28
8.58643524721265	7.07151806144975	92	28
5.41963291261345	6.4559543216601	94	28
2.73718851082958	6.24740261514671	95	28
2.92419478669763	7.66807960555889	96	28
9.56083874125034	7.83763795881532	97	28
4.94541317247786	7.68545151059516	99	28
1.15510757500306	8.09709088248201	100	28
6.26240666396916	1.51704340521246	1	29
2.02403507707641	8.28495421633124	2	29
7.15838269330561	7.60341997421347	3	29
5.81494226050563	6.6644504708238	5	29
7.04284804244526	4.10743030114099	7	29
3.65119940973818	6.31079569272697	8	29
4.22526686149649	2.25784263969399	9	29
2.57783277775161	2.41977545595728	10	29
5.93935647537001	5.22408495144919	11	29
5.54906532680616	9.18157780007459	12	29
2.74452825216576	3.69644587649964	13	29
6.73213700437918	9.97175478003919	14	29
7.19020085036755	6.86987585108727	15	29
4.22096823807806	3.23297882732004	17	29
1.88011829624884	3.04317952739075	19	29
1.72471734834835	9.9029068981763	22	29
8.39456579950638	5.09080258035101	23	29
7.96050116955303	3.95454673212953	25	29
4.15077379299328	6.31066462909803	26	29
1.05455190478824	6.41255368827842	27	29
8.330556004541	9.56857698131353	28	29
1.01061305892654	2.22072569280863	29	29
5.50095435511321	1.81612501782365	31	29
3.91152996057645	3.802575774258	32	29
4.12105158111081	6.23056891839951	33	29
5.9093854194507	9.96302973013371	34	29
1.36441024765372	5.62667223252356	35	29
7.21882428904064	3.97326215356588	37	29
8.41466182935983	6.25669163512066	38	29
6.46108035417274	6.90014075557701	39	29
9.7969763786532	6.13956804154441	40	29
8.77688962849788	7.48705358081497	41	29
5.34026363003068	9.25485733873211	42	29
9.37315294868313	1.59020615462214	44	29
5.28679099585861	2.89412002358586	45	29
9.25206986558624	6.25711731007323	46	29
4.2868835455738	6.57176029682159	47	29
4.84092371584848	4.90912131918594	48	29
6.29292850103229	2.83916984428652	49	29
1.99260905897245	9.60670170956291	50	29
7.38507362618111	6.00611003814265	51	29
7.77609662804753	7.93412520200945	53	29
9.81180565012619	8.65388404903933	54	29
8.69236824568361	7.99851256818511	56	29
1.77169884182513	3.36860472825356	57	29
4.49557984620333	5.11325707030483	60	29
9.23618989530951	5.63142358348705	61	29
3.58619192941114	7.95117679052055	62	29
7.06363543053158	6.52175159519538	63	29
7.60798494936898	5.93742112535983	64	29
4.97660236828961	2.20932514150627	65	29
9.29585640178993	8.42564798146486	68	29
1.09787105349824	8.93162619951181	69	29
8.57206166628748	1.42831612587906	70	29
1.77292206743732	6.73541932413355	71	29
6.70950382482261	6.11001512315124	72	29
4.79553529946134	5.72607484413311	73	29
4.69843648537062	1.01112001948059	74	29
5.74427193286829	9.26542636961676	75	29
5.82450771774165	5.45509176608175	77	29
2.06016100221314	3.20246287854388	78	29
6.63905330002308	7.76024546427652	79	29
7.52622958412394	2.24997059302405	80	29
5.9760536942631	5.2985126809217	81	29
6.82354895281605	3.41942294570617	82	29
1.41895241895691	5.98678228096105	83	29
6.17474290984683	5.67500852653757	84	29
4.51289909821935	9.71991611341946	85	29
1.54253763426095	8.8719568264205	87	29
3.84960516402498	8.16147773945704	88	29
1.75455668265931	2.5625111553818	89	29
8.58643524721265	7.07151806144975	92	29
2.60640466352925	4.18082328676246	93	29
5.41963291261345	6.4559543216601	94	29
2.73718851082958	6.24740261514671	95	29
2.92419478669763	7.66807960555889	96	29
9.56083874125034	7.83763795881532	97	29
5.37184763024561	9.35248561878689	98	29
4.94541317247786	7.68545151059516	99	29
1.15510757500306	8.09709088248201	100	29
7.15838269330561	7.60341997421347	3	30
5.81494226050563	6.6644504708238	5	30
9.69952657655813	7.1894452071283	6	30
7.04284804244526	4.10743030114099	7	30
3.65119940973818	6.31079569272697	8	30
4.22526686149649	2.25784263969399	9	30
2.57783277775161	2.41977545595728	10	30
5.93935647537001	5.22408495144919	11	30
5.54906532680616	9.18157780007459	12	30
6.73213700437918	9.97175478003919	14	30
7.19020085036755	6.86987585108727	15	30
6.76171692507342	4.03718668571673	16	30
4.22096823807806	3.23297882732004	17	30
1.88011829624884	3.04317952739075	19	30
2.64597630314529	4.16442270181142	20	30
3.0511312650051	4.91762386308983	21	30
1.72471734834835	9.9029068981763	22	30
6.32002579211257	7.04556126659736	24	30
7.96050116955303	3.95454673212953	25	30
4.15077379299328	6.31066462909803	26	30
8.330556004541	9.56857698131353	28	30
1.01061305892654	2.22072569280863	29	30
2.80621164361946	3.04484000336379	30	30
3.91152996057645	3.802575774258	32	30
4.12105158111081	6.23056891839951	33	30
5.9093854194507	9.96302973013371	34	30
1.36441024765372	5.62667223252356	35	30
7.21882428904064	3.97326215356588	37	30
8.41466182935983	6.25669163512066	38	30
6.46108035417274	6.90014075557701	39	30
9.7969763786532	6.13956804154441	40	30
8.77688962849788	7.48705358081497	41	30
5.34026363003068	9.25485733873211	42	30
7.96715943911113	7.16628418350592	43	30
9.25206986558624	6.25711731007323	46	30
4.2868835455738	6.57176029682159	47	30
4.84092371584848	4.90912131918594	48	30
6.29292850103229	2.83916984428652	49	30
1.99260905897245	9.60670170956291	50	30
8.37256178236567	3.23512917524204	52	30
9.81180565012619	8.65388404903933	54	30
3.63316974532791	9.25282795215026	55	30
1.77169884182513	3.36860472825356	57	30
5.9437990935985	5.79924704413861	58	30
9.27325991820544	6.34858938399702	59	30
4.49557984620333	5.11325707030483	60	30
9.23618989530951	5.63142358348705	61	30
7.06363543053158	6.52175159519538	63	30
7.60798494936898	5.93742112535983	64	30
4.97660236828961	2.20932514150627	65	30
8.63501002523117	9.31810676516034	66	30
5.95867585274391	8.32480692211539	67	30
1.09787105349824	8.93162619951181	69	30
8.57206166628748	1.42831612587906	70	30
6.70950382482261	6.11001512315124	72	30
4.79553529946134	5.72607484413311	73	30
4.69843648537062	1.01112001948059	74	30
5.74427193286829	9.26542636961676	75	30
1.81370076606981	1.02359614917077	76	30
5.82450771774165	5.45509176608175	77	30
2.06016100221314	3.20246287854388	78	30
6.63905330002308	7.76024546427652	79	30
7.52622958412394	2.24997059302405	80	30
1.41895241895691	5.98678228096105	83	30
6.17474290984683	5.67500852653757	84	30
4.51289909821935	9.71991611341946	85	30
2.27487657801248	7.99901200179011	86	30
3.84960516402498	8.16147773945704	88	30
1.75455668265931	2.5625111553818	89	30
8.42190976790153	8.01857858453877	90	30
1.7864344958216	5.27794028026983	91	30
8.58643524721265	7.07151806144975	92	30
2.60640466352925	4.18082328676246	93	30
5.41963291261345	6.4559543216601	94	30
2.73718851082958	6.24740261514671	95	30
2.92419478669763	7.66807960555889	96	30
9.56083874125034	7.83763795881532	97	30
5.37184763024561	9.35248561878689	98	30
4.94541317247786	7.68545151059516	99	30
1.15510757500306	8.09709088248201	100	30
6.26240666396916	1.51704340521246	1	31
2.02403507707641	8.28495421633124	2	31
7.15838269330561	7.60341997421347	3	31
9.93257899465971	1.81239008367993	4	31
5.81494226050563	6.6644504708238	5	31
9.69952657655813	7.1894452071283	6	31
7.04284804244526	4.10743030114099	7	31
4.22526686149649	2.25784263969399	9	31
2.57783277775161	2.41977545595728	10	31
5.93935647537001	5.22408495144919	11	31
5.54906532680616	9.18157780007459	12	31
6.73213700437918	9.97175478003919	14	31
7.19020085036755	6.86987585108727	15	31
6.76171692507342	4.03718668571673	16	31
1.92326498939656	2.69672273588367	18	31
1.88011829624884	3.04317952739075	19	31
2.64597630314529	4.16442270181142	20	31
3.0511312650051	4.91762386308983	21	31
1.72471734834835	9.9029068981763	22	31
8.39456579950638	5.09080258035101	23	31
6.32002579211257	7.04556126659736	24	31
7.96050116955303	3.95454673212953	25	31
4.15077379299328	6.31066462909803	26	31
1.05455190478824	6.41255368827842	27	31
8.330556004541	9.56857698131353	28	31
2.80621164361946	3.04484000336379	30	31
5.50095435511321	1.81612501782365	31	31
3.91152996057645	3.802575774258	32	31
4.12105158111081	6.23056891839951	33	31
5.9093854194507	9.96302973013371	34	31
1.36441024765372	5.62667223252356	35	31
4.99462523916736	7.80505655822344	36	31
7.21882428904064	3.97326215356588	37	31
6.46108035417274	6.90014075557701	39	31
9.7969763786532	6.13956804154441	40	31
8.77688962849788	7.48705358081497	41	31
5.34026363003068	9.25485733873211	42	31
7.96715943911113	7.16628418350592	43	31
9.37315294868313	1.59020615462214	44	31
5.28679099585861	2.89412002358586	45	31
9.25206986558624	6.25711731007323	46	31
4.2868835455738	6.57176029682159	47	31
4.84092371584848	4.90912131918594	48	31
6.29292850103229	2.83916984428652	49	31
1.99260905897245	9.60670170956291	50	31
7.38507362618111	6.00611003814265	51	31
8.37256178236567	3.23512917524204	52	31
9.81180565012619	8.65388404903933	54	31
3.63316974532791	9.25282795215026	55	31
8.69236824568361	7.99851256818511	56	31
1.77169884182513	3.36860472825356	57	31
9.27325991820544	6.34858938399702	59	31
3.58619192941114	7.95117679052055	62	31
7.06363543053158	6.52175159519538	63	31
7.60798494936898	5.93742112535983	64	31
8.63501002523117	9.31810676516034	66	31
9.29585640178993	8.42564798146486	68	31
1.09787105349824	8.93162619951181	69	31
8.57206166628748	1.42831612587906	70	31
6.70950382482261	6.11001512315124	72	31
4.79553529946134	5.72607484413311	73	31
4.69843648537062	1.01112001948059	74	31
5.82450771774165	5.45509176608175	77	31
2.06016100221314	3.20246287854388	78	31
1.41895241895691	5.98678228096105	83	31
6.17474290984683	5.67500852653757	84	31
4.51289909821935	9.71991611341946	85	31
2.27487657801248	7.99901200179011	86	31
1.54253763426095	8.8719568264205	87	31
3.84960516402498	8.16147773945704	88	31
8.42190976790153	8.01857858453877	90	31
1.7864344958216	5.27794028026983	91	31
8.58643524721265	7.07151806144975	92	31
2.60640466352925	4.18082328676246	93	31
5.41963291261345	6.4559543216601	94	31
2.73718851082958	6.24740261514671	95	31
2.92419478669763	7.66807960555889	96	31
9.56083874125034	7.83763795881532	97	31
4.94541317247786	7.68545151059516	99	31
1.15510757500306	8.09709088248201	100	31
6.26240666396916	1.51704340521246	1	32
2.02403507707641	8.28495421633124	2	32
7.15838269330561	7.60341997421347	3	32
5.81494226050563	6.6644504708238	5	32
9.69952657655813	7.1894452071283	6	32
7.04284804244526	4.10743030114099	7	32
3.65119940973818	6.31079569272697	8	32
2.57783277775161	2.41977545595728	10	32
5.93935647537001	5.22408495144919	11	32
5.54906532680616	9.18157780007459	12	32
7.19020085036755	6.86987585108727	15	32
4.22096823807806	3.23297882732004	17	32
1.88011829624884	3.04317952739075	19	32
2.64597630314529	4.16442270181142	20	32
3.0511312650051	4.91762386308983	21	32
1.72471734834835	9.9029068981763	22	32
6.32002579211257	7.04556126659736	24	32
4.15077379299328	6.31066462909803	26	32
1.05455190478824	6.41255368827842	27	32
8.330556004541	9.56857698131353	28	32
1.01061305892654	2.22072569280863	29	32
2.80621164361946	3.04484000336379	30	32
3.91152996057645	3.802575774258	32	32
4.12105158111081	6.23056891839951	33	32
4.99462523916736	7.80505655822344	36	32
7.21882428904064	3.97326215356588	37	32
6.46108035417274	6.90014075557701	39	32
9.7969763786532	6.13956804154441	40	32
8.77688962849788	7.48705358081497	41	32
5.34026363003068	9.25485733873211	42	32
7.96715943911113	7.16628418350592	43	32
9.37315294868313	1.59020615462214	44	32
5.28679099585861	2.89412002358586	45	32
9.25206986558624	6.25711731007323	46	32
4.2868835455738	6.57176029682159	47	32
4.84092371584848	4.90912131918594	48	32
6.29292850103229	2.83916984428652	49	32
1.99260905897245	9.60670170956291	50	32
7.38507362618111	6.00611003814265	51	32
8.37256178236567	3.23512917524204	52	32
9.81180565012619	8.65388404903933	54	32
3.63316974532791	9.25282795215026	55	32
8.69236824568361	7.99851256818511	56	32
1.77169884182513	3.36860472825356	57	32
5.9437990935985	5.79924704413861	58	32
9.27325991820544	6.34858938399702	59	32
4.49557984620333	5.11325707030483	60	32
9.23618989530951	5.63142358348705	61	32
3.58619192941114	7.95117679052055	62	32
7.06363543053158	6.52175159519538	63	32
7.60798494936898	5.93742112535983	64	32
4.97660236828961	2.20932514150627	65	32
8.63501002523117	9.31810676516034	66	32
1.09787105349824	8.93162619951181	69	32
8.57206166628748	1.42831612587906	70	32
1.77292206743732	6.73541932413355	71	32
6.70950382482261	6.11001512315124	72	32
4.79553529946134	5.72607484413311	73	32
4.69843648537062	1.01112001948059	74	32
5.74427193286829	9.26542636961676	75	32
1.81370076606981	1.02359614917077	76	32
5.82450771774165	5.45509176608175	77	32
2.06016100221314	3.20246287854388	78	32
6.63905330002308	7.76024546427652	79	32
7.52622958412394	2.24997059302405	80	32
5.9760536942631	5.2985126809217	81	32
6.82354895281605	3.41942294570617	82	32
1.41895241895691	5.98678228096105	83	32
6.17474290984683	5.67500852653757	84	32
4.51289909821935	9.71991611341946	85	32
3.84960516402498	8.16147773945704	88	32
1.7864344958216	5.27794028026983	91	32
8.58643524721265	7.07151806144975	92	32
2.60640466352925	4.18082328676246	93	32
5.41963291261345	6.4559543216601	94	32
2.73718851082958	6.24740261514671	95	32
2.92419478669763	7.66807960555889	96	32
9.56083874125034	7.83763795881532	97	32
4.94541317247786	7.68545151059516	99	32
1.15510757500306	8.09709088248201	100	32
6.26240666396916	1.51704340521246	1	33
2.02403507707641	8.28495421633124	2	33
7.15838269330561	7.60341997421347	3	33
9.93257899465971	1.81239008367993	4	33
5.81494226050563	6.6644504708238	5	33
9.69952657655813	7.1894452071283	6	33
7.04284804244526	4.10743030114099	7	33
3.65119940973818	6.31079569272697	8	33
5.93935647537001	5.22408495144919	11	33
5.54906532680616	9.18157780007459	12	33
2.74452825216576	3.69644587649964	13	33
6.73213700437918	9.97175478003919	14	33
7.19020085036755	6.86987585108727	15	33
1.88011829624884	3.04317952739075	19	33
2.64597630314529	4.16442270181142	20	33
3.0511312650051	4.91762386308983	21	33
8.39456579950638	5.09080258035101	23	33
6.32002579211257	7.04556126659736	24	33
7.96050116955303	3.95454673212953	25	33
4.15077379299328	6.31066462909803	26	33
1.05455190478824	6.41255368827842	27	33
8.330556004541	9.56857698131353	28	33
1.01061305892654	2.22072569280863	29	33
2.80621164361946	3.04484000336379	30	33
5.50095435511321	1.81612501782365	31	33
4.12105158111081	6.23056891839951	33	33
5.9093854194507	9.96302973013371	34	33
1.36441024765372	5.62667223252356	35	33
4.99462523916736	7.80505655822344	36	33
7.21882428904064	3.97326215356588	37	33
8.41466182935983	6.25669163512066	38	33
6.46108035417274	6.90014075557701	39	33
9.7969763786532	6.13956804154441	40	33
8.77688962849788	7.48705358081497	41	33
5.34026363003068	9.25485733873211	42	33
7.96715943911113	7.16628418350592	43	33
9.37315294868313	1.59020615462214	44	33
5.28679099585861	2.89412002358586	45	33
9.25206986558624	6.25711731007323	46	33
6.29292850103229	2.83916984428652	49	33
1.99260905897245	9.60670170956291	50	33
7.38507362618111	6.00611003814265	51	33
8.37256178236567	3.23512917524204	52	33
7.77609662804753	7.93412520200945	53	33
9.81180565012619	8.65388404903933	54	33
3.63316974532791	9.25282795215026	55	33
8.69236824568361	7.99851256818511	56	33
1.77169884182513	3.36860472825356	57	33
9.27325991820544	6.34858938399702	59	33
4.49557984620333	5.11325707030483	60	33
9.23618989530951	5.63142358348705	61	33
3.58619192941114	7.95117679052055	62	33
7.06363543053158	6.52175159519538	63	33
7.60798494936898	5.93742112535983	64	33
4.97660236828961	2.20932514150627	65	33
8.63501002523117	9.31810676516034	66	33
5.95867585274391	8.32480692211539	67	33
1.09787105349824	8.93162619951181	69	33
1.77292206743732	6.73541932413355	71	33
4.79553529946134	5.72607484413311	73	33
4.69843648537062	1.01112001948059	74	33
5.74427193286829	9.26542636961676	75	33
1.81370076606981	1.02359614917077	76	33
5.82450771774165	5.45509176608175	77	33
2.06016100221314	3.20246287854388	78	33
7.52622958412394	2.24997059302405	80	33
6.82354895281605	3.41942294570617	82	33
1.41895241895691	5.98678228096105	83	33
6.17474290984683	5.67500852653757	84	33
2.27487657801248	7.99901200179011	86	33
1.54253763426095	8.8719568264205	87	33
3.84960516402498	8.16147773945704	88	33
8.42190976790153	8.01857858453877	90	33
1.7864344958216	5.27794028026983	91	33
8.58643524721265	7.07151806144975	92	33
2.60640466352925	4.18082328676246	93	33
5.41963291261345	6.4559543216601	94	33
2.73718851082958	6.24740261514671	95	33
2.92419478669763	7.66807960555889	96	33
4.94541317247786	7.68545151059516	99	33
6.26240666396916	1.51704340521246	1	34
2.02403507707641	8.28495421633124	2	34
7.15838269330561	7.60341997421347	3	34
9.93257899465971	1.81239008367993	4	34
5.81494226050563	6.6644504708238	5	34
9.69952657655813	7.1894452071283	6	34
7.04284804244526	4.10743030114099	7	34
3.65119940973818	6.31079569272697	8	34
2.57783277775161	2.41977545595728	10	34
5.93935647537001	5.22408495144919	11	34
5.54906532680616	9.18157780007459	12	34
2.74452825216576	3.69644587649964	13	34
7.19020085036755	6.86987585108727	15	34
6.76171692507342	4.03718668571673	16	34
1.92326498939656	2.69672273588367	18	34
1.88011829624884	3.04317952739075	19	34
2.64597630314529	4.16442270181142	20	34
1.72471734834835	9.9029068981763	22	34
8.39456579950638	5.09080258035101	23	34
6.32002579211257	7.04556126659736	24	34
7.96050116955303	3.95454673212953	25	34
4.15077379299328	6.31066462909803	26	34
1.05455190478824	6.41255368827842	27	34
8.330556004541	9.56857698131353	28	34
1.01061305892654	2.22072569280863	29	34
2.80621164361946	3.04484000336379	30	34
5.50095435511321	1.81612501782365	31	34
4.12105158111081	6.23056891839951	33	34
5.9093854194507	9.96302973013371	34	34
1.36441024765372	5.62667223252356	35	34
4.99462523916736	7.80505655822344	36	34
7.21882428904064	3.97326215356588	37	34
8.41466182935983	6.25669163512066	38	34
6.46108035417274	6.90014075557701	39	34
9.7969763786532	6.13956804154441	40	34
5.34026363003068	9.25485733873211	42	34
7.96715943911113	7.16628418350592	43	34
5.28679099585861	2.89412002358586	45	34
9.25206986558624	6.25711731007323	46	34
4.84092371584848	4.90912131918594	48	34
6.29292850103229	2.83916984428652	49	34
7.38507362618111	6.00611003814265	51	34
8.37256178236567	3.23512917524204	52	34
7.77609662804753	7.93412520200945	53	34
3.63316974532791	9.25282795215026	55	34
8.69236824568361	7.99851256818511	56	34
1.77169884182513	3.36860472825356	57	34
9.27325991820544	6.34858938399702	59	34
4.49557984620333	5.11325707030483	60	34
3.58619192941114	7.95117679052055	62	34
4.97660236828961	2.20932514150627	65	34
8.63501002523117	9.31810676516034	66	34
5.95867585274391	8.32480692211539	67	34
9.29585640178993	8.42564798146486	68	34
1.09787105349824	8.93162619951181	69	34
8.57206166628748	1.42831612587906	70	34
1.77292206743732	6.73541932413355	71	34
6.70950382482261	6.11001512315124	72	34
4.79553529946134	5.72607484413311	73	34
5.74427193286829	9.26542636961676	75	34
1.81370076606981	1.02359614917077	76	34
5.82450771774165	5.45509176608175	77	34
2.06016100221314	3.20246287854388	78	34
6.63905330002308	7.76024546427652	79	34
7.52622958412394	2.24997059302405	80	34
5.9760536942631	5.2985126809217	81	34
1.41895241895691	5.98678228096105	83	34
6.17474290984683	5.67500852653757	84	34
1.54253763426095	8.8719568264205	87	34
3.84960516402498	8.16147773945704	88	34
1.75455668265931	2.5625111553818	89	34
8.42190976790153	8.01857858453877	90	34
1.7864344958216	5.27794028026983	91	34
8.58643524721265	7.07151806144975	92	34
2.60640466352925	4.18082328676246	93	34
2.73718851082958	6.24740261514671	95	34
2.92419478669763	7.66807960555889	96	34
9.56083874125034	7.83763795881532	97	34
5.37184763024561	9.35248561878689	98	34
4.94541317247786	7.68545151059516	99	34
6.26240666396916	1.51704340521246	1	35
2.02403507707641	8.28495421633124	2	35
9.69952657655813	7.1894452071283	6	35
7.04284804244526	4.10743030114099	7	35
3.65119940973818	6.31079569272697	8	35
4.22526686149649	2.25784263969399	9	35
5.54906532680616	9.18157780007459	12	35
2.74452825216576	3.69644587649964	13	35
6.73213700437918	9.97175478003919	14	35
7.19020085036755	6.86987585108727	15	35
6.76171692507342	4.03718668571673	16	35
4.22096823807806	3.23297882732004	17	35
1.92326498939656	2.69672273588367	18	35
3.0511312650051	4.91762386308983	21	35
8.39456579950638	5.09080258035101	23	35
7.96050116955303	3.95454673212953	25	35
4.15077379299328	6.31066462909803	26	35
1.05455190478824	6.41255368827842	27	35
1.01061305892654	2.22072569280863	29	35
2.80621164361946	3.04484000336379	30	35
5.50095435511321	1.81612501782365	31	35
3.91152996057645	3.802575774258	32	35
4.12105158111081	6.23056891839951	33	35
5.9093854194507	9.96302973013371	34	35
1.36441024765372	5.62667223252356	35	35
4.99462523916736	7.80505655822344	36	35
7.21882428904064	3.97326215356588	37	35
8.41466182935983	6.25669163512066	38	35
6.46108035417274	6.90014075557701	39	35
8.77688962849788	7.48705358081497	41	35
5.34026363003068	9.25485733873211	42	35
7.96715943911113	7.16628418350592	43	35
5.28679099585861	2.89412002358586	45	35
9.25206986558624	6.25711731007323	46	35
4.2868835455738	6.57176029682159	47	35
4.84092371584848	4.90912131918594	48	35
6.29292850103229	2.83916984428652	49	35
1.99260905897245	9.60670170956291	50	35
7.38507362618111	6.00611003814265	51	35
8.37256178236567	3.23512917524204	52	35
7.77609662804753	7.93412520200945	53	35
9.81180565012619	8.65388404903933	54	35
3.63316974532791	9.25282795215026	55	35
8.69236824568361	7.99851256818511	56	35
5.9437990935985	5.79924704413861	58	35
9.27325991820544	6.34858938399702	59	35
4.49557984620333	5.11325707030483	60	35
9.23618989530951	5.63142358348705	61	35
3.58619192941114	7.95117679052055	62	35
7.06363543053158	6.52175159519538	63	35
7.60798494936898	5.93742112535983	64	35
8.63501002523117	9.31810676516034	66	35
5.95867585274391	8.32480692211539	67	35
9.29585640178993	8.42564798146486	68	35
1.09787105349824	8.93162619951181	69	35
8.57206166628748	1.42831612587906	70	35
1.77292206743732	6.73541932413355	71	35
4.79553529946134	5.72607484413311	73	35
4.69843648537062	1.01112001948059	74	35
5.74427193286829	9.26542636961676	75	35
1.81370076606981	1.02359614917077	76	35
5.82450771774165	5.45509176608175	77	35
2.06016100221314	3.20246287854388	78	35
6.63905330002308	7.76024546427652	79	35
7.52622958412394	2.24997059302405	80	35
5.9760536942631	5.2985126809217	81	35
6.82354895281605	3.41942294570617	82	35
1.41895241895691	5.98678228096105	83	35
2.27487657801248	7.99901200179011	86	35
1.54253763426095	8.8719568264205	87	35
3.84960516402498	8.16147773945704	88	35
1.75455668265931	2.5625111553818	89	35
1.7864344958216	5.27794028026983	91	35
8.58643524721265	7.07151806144975	92	35
2.60640466352925	4.18082328676246	93	35
2.73718851082958	6.24740261514671	95	35
9.56083874125034	7.83763795881532	97	35
5.37184763024561	9.35248561878689	98	35
4.94541317247786	7.68545151059516	99	35
1.15510757500306	8.09709088248201	100	35
6.26240666396916	1.51704340521246	1	36
7.15838269330561	7.60341997421347	3	36
5.81494226050563	6.6644504708238	5	36
9.69952657655813	7.1894452071283	6	36
7.04284804244526	4.10743030114099	7	36
3.65119940973818	6.31079569272697	8	36
4.22526686149649	2.25784263969399	9	36
2.57783277775161	2.41977545595728	10	36
5.93935647537001	5.22408495144919	11	36
2.74452825216576	3.69644587649964	13	36
7.19020085036755	6.86987585108727	15	36
6.76171692507342	4.03718668571673	16	36
4.22096823807806	3.23297882732004	17	36
1.92326498939656	2.69672273588367	18	36
1.88011829624884	3.04317952739075	19	36
3.0511312650051	4.91762386308983	21	36
1.72471734834835	9.9029068981763	22	36
8.39456579950638	5.09080258035101	23	36
6.32002579211257	7.04556126659736	24	36
7.96050116955303	3.95454673212953	25	36
4.15077379299328	6.31066462909803	26	36
1.05455190478824	6.41255368827842	27	36
8.330556004541	9.56857698131353	28	36
1.01061305892654	2.22072569280863	29	36
2.80621164361946	3.04484000336379	30	36
5.50095435511321	1.81612501782365	31	36
3.91152996057645	3.802575774258	32	36
4.12105158111081	6.23056891839951	33	36
1.36441024765372	5.62667223252356	35	36
4.99462523916736	7.80505655822344	36	36
7.21882428904064	3.97326215356588	37	36
6.46108035417274	6.90014075557701	39	36
9.7969763786532	6.13956804154441	40	36
8.77688962849788	7.48705358081497	41	36
5.34026363003068	9.25485733873211	42	36
7.96715943911113	7.16628418350592	43	36
5.28679099585861	2.89412002358586	45	36
4.2868835455738	6.57176029682159	47	36
4.84092371584848	4.90912131918594	48	36
6.29292850103229	2.83916984428652	49	36
1.99260905897245	9.60670170956291	50	36
7.38507362618111	6.00611003814265	51	36
7.77609662804753	7.93412520200945	53	36
9.81180565012619	8.65388404903933	54	36
3.63316974532791	9.25282795215026	55	36
8.69236824568361	7.99851256818511	56	36
1.77169884182513	3.36860472825356	57	36
9.27325991820544	6.34858938399702	59	36
9.23618989530951	5.63142358348705	61	36
7.06363543053158	6.52175159519538	63	36
4.97660236828961	2.20932514150627	65	36
8.63501002523117	9.31810676516034	66	36
5.95867585274391	8.32480692211539	67	36
9.29585640178993	8.42564798146486	68	36
1.09787105349824	8.93162619951181	69	36
8.57206166628748	1.42831612587906	70	36
1.77292206743732	6.73541932413355	71	36
4.79553529946134	5.72607484413311	73	36
4.69843648537062	1.01112001948059	74	36
5.74427193286829	9.26542636961676	75	36
1.81370076606981	1.02359614917077	76	36
5.82450771774165	5.45509176608175	77	36
2.06016100221314	3.20246287854388	78	36
6.63905330002308	7.76024546427652	79	36
7.52622958412394	2.24997059302405	80	36
6.82354895281605	3.41942294570617	82	36
1.41895241895691	5.98678228096105	83	36
4.51289909821935	9.71991611341946	85	36
2.27487657801248	7.99901200179011	86	36
1.54253763426095	8.8719568264205	87	36
3.84960516402498	8.16147773945704	88	36
1.75455668265931	2.5625111553818	89	36
1.7864344958216	5.27794028026983	91	36
8.58643524721265	7.07151806144975	92	36
2.60640466352925	4.18082328676246	93	36
2.73718851082958	6.24740261514671	95	36
2.92419478669763	7.66807960555889	96	36
9.56083874125034	7.83763795881532	97	36
4.94541317247786	7.68545151059516	99	36
1.15510757500306	8.09709088248201	100	36
6.26240666396916	1.51704340521246	1	37
2.02403507707641	8.28495421633124	2	37
7.15838269330561	7.60341997421347	3	37
9.93257899465971	1.81239008367993	4	37
5.81494226050563	6.6644504708238	5	37
3.65119940973818	6.31079569272697	8	37
4.22526686149649	2.25784263969399	9	37
2.57783277775161	2.41977545595728	10	37
5.93935647537001	5.22408495144919	11	37
5.54906532680616	9.18157780007459	12	37
2.74452825216576	3.69644587649964	13	37
6.73213700437918	9.97175478003919	14	37
6.76171692507342	4.03718668571673	16	37
4.22096823807806	3.23297882732004	17	37
1.88011829624884	3.04317952739075	19	37
2.64597630314529	4.16442270181142	20	37
3.0511312650051	4.91762386308983	21	37
8.39456579950638	5.09080258035101	23	37
6.32002579211257	7.04556126659736	24	37
4.15077379299328	6.31066462909803	26	37
1.05455190478824	6.41255368827842	27	37
1.01061305892654	2.22072569280863	29	37
5.50095435511321	1.81612501782365	31	37
3.91152996057645	3.802575774258	32	37
5.9093854194507	9.96302973013371	34	37
1.36441024765372	5.62667223252356	35	37
4.99462523916736	7.80505655822344	36	37
7.21882428904064	3.97326215356588	37	37
8.41466182935983	6.25669163512066	38	37
6.46108035417274	6.90014075557701	39	37
5.34026363003068	9.25485733873211	42	37
7.96715943911113	7.16628418350592	43	37
5.28679099585861	2.89412002358586	45	37
9.25206986558624	6.25711731007323	46	37
4.2868835455738	6.57176029682159	47	37
4.84092371584848	4.90912131918594	48	37
6.29292850103229	2.83916984428652	49	37
1.99260905897245	9.60670170956291	50	37
7.38507362618111	6.00611003814265	51	37
8.37256178236567	3.23512917524204	52	37
7.77609662804753	7.93412520200945	53	37
9.81180565012619	8.65388404903933	54	37
3.63316974532791	9.25282795215026	55	37
8.69236824568361	7.99851256818511	56	37
1.77169884182513	3.36860472825356	57	37
5.9437990935985	5.79924704413861	58	37
9.27325991820544	6.34858938399702	59	37
4.49557984620333	5.11325707030483	60	37
9.23618989530951	5.63142358348705	61	37
7.06363543053158	6.52175159519538	63	37
8.63501002523117	9.31810676516034	66	37
5.95867585274391	8.32480692211539	67	37
9.29585640178993	8.42564798146486	68	37
1.09787105349824	8.93162619951181	69	37
8.57206166628748	1.42831612587906	70	37
1.77292206743732	6.73541932413355	71	37
6.70950382482261	6.11001512315124	72	37
4.79553529946134	5.72607484413311	73	37
4.69843648537062	1.01112001948059	74	37
5.74427193286829	9.26542636961676	75	37
1.81370076606981	1.02359614917077	76	37
5.82450771774165	5.45509176608175	77	37
2.06016100221314	3.20246287854388	78	37
6.63905330002308	7.76024546427652	79	37
7.52622958412394	2.24997059302405	80	37
5.9760536942631	5.2985126809217	81	37
6.82354895281605	3.41942294570617	82	37
1.41895241895691	5.98678228096105	83	37
6.17474290984683	5.67500852653757	84	37
4.51289909821935	9.71991611341946	85	37
1.75455668265931	2.5625111553818	89	37
1.7864344958216	5.27794028026983	91	37
8.58643524721265	7.07151806144975	92	37
2.60640466352925	4.18082328676246	93	37
5.41963291261345	6.4559543216601	94	37
2.73718851082958	6.24740261514671	95	37
9.56083874125034	7.83763795881532	97	37
5.37184763024561	9.35248561878689	98	37
4.94541317247786	7.68545151059516	99	37
1.15510757500306	8.09709088248201	100	37
6.26240666396916	1.51704340521246	1	38
7.15838269330561	7.60341997421347	3	38
9.93257899465971	1.81239008367993	4	38
5.81494226050563	6.6644504708238	5	38
9.69952657655813	7.1894452071283	6	38
7.04284804244526	4.10743030114099	7	38
4.22526686149649	2.25784263969399	9	38
2.57783277775161	2.41977545595728	10	38
5.93935647537001	5.22408495144919	11	38
5.54906532680616	9.18157780007459	12	38
2.74452825216576	3.69644587649964	13	38
6.73213700437918	9.97175478003919	14	38
6.76171692507342	4.03718668571673	16	38
1.92326498939656	2.69672273588367	18	38
2.64597630314529	4.16442270181142	20	38
1.72471734834835	9.9029068981763	22	38
8.39456579950638	5.09080258035101	23	38
7.96050116955303	3.95454673212953	25	38
4.15077379299328	6.31066462909803	26	38
1.05455190478824	6.41255368827842	27	38
8.330556004541	9.56857698131353	28	38
1.01061305892654	2.22072569280863	29	38
2.80621164361946	3.04484000336379	30	38
3.91152996057645	3.802575774258	32	38
4.12105158111081	6.23056891839951	33	38
5.9093854194507	9.96302973013371	34	38
4.99462523916736	7.80505655822344	36	38
7.21882428904064	3.97326215356588	37	38
8.41466182935983	6.25669163512066	38	38
6.46108035417274	6.90014075557701	39	38
7.96715943911113	7.16628418350592	43	38
9.37315294868313	1.59020615462214	44	38
5.28679099585861	2.89412002358586	45	38
9.25206986558624	6.25711731007323	46	38
4.2868835455738	6.57176029682159	47	38
4.84092371584848	4.90912131918594	48	38
6.29292850103229	2.83916984428652	49	38
8.37256178236567	3.23512917524204	52	38
7.77609662804753	7.93412520200945	53	38
9.81180565012619	8.65388404903933	54	38
3.63316974532791	9.25282795215026	55	38
8.69236824568361	7.99851256818511	56	38
1.77169884182513	3.36860472825356	57	38
5.9437990935985	5.79924704413861	58	38
9.27325991820544	6.34858938399702	59	38
4.49557984620333	5.11325707030483	60	38
9.23618989530951	5.63142358348705	61	38
7.06363543053158	6.52175159519538	63	38
7.60798494936898	5.93742112535983	64	38
4.97660236828961	2.20932514150627	65	38
8.63501002523117	9.31810676516034	66	38
5.95867585274391	8.32480692211539	67	38
9.29585640178993	8.42564798146486	68	38
1.09787105349824	8.93162619951181	69	38
8.57206166628748	1.42831612587906	70	38
4.69843648537062	1.01112001948059	74	38
5.74427193286829	9.26542636961676	75	38
1.81370076606981	1.02359614917077	76	38
5.82450771774165	5.45509176608175	77	38
2.06016100221314	3.20246287854388	78	38
6.63905330002308	7.76024546427652	79	38
7.52622958412394	2.24997059302405	80	38
5.9760536942631	5.2985126809217	81	38
6.82354895281605	3.41942294570617	82	38
1.41895241895691	5.98678228096105	83	38
6.17474290984683	5.67500852653757	84	38
4.51289909821935	9.71991611341946	85	38
2.27487657801248	7.99901200179011	86	38
1.54253763426095	8.8719568264205	87	38
3.84960516402498	8.16147773945704	88	38
1.75455668265931	2.5625111553818	89	38
8.42190976790153	8.01857858453877	90	38
1.7864344958216	5.27794028026983	91	38
5.41963291261345	6.4559543216601	94	38
2.73718851082958	6.24740261514671	95	38
2.92419478669763	7.66807960555889	96	38
9.56083874125034	7.83763795881532	97	38
5.37184763024561	9.35248561878689	98	38
4.94541317247786	7.68545151059516	99	38
1.15510757500306	8.09709088248201	100	38
6.26240666396916	1.51704340521246	1	39
7.15838269330561	7.60341997421347	3	39
9.93257899465971	1.81239008367993	4	39
5.81494226050563	6.6644504708238	5	39
9.69952657655813	7.1894452071283	6	39
7.04284804244526	4.10743030114099	7	39
3.65119940973818	6.31079569272697	8	39
4.22526686149649	2.25784263969399	9	39
2.57783277775161	2.41977545595728	10	39
5.93935647537001	5.22408495144919	11	39
5.54906532680616	9.18157780007459	12	39
2.74452825216576	3.69644587649964	13	39
6.73213700437918	9.97175478003919	14	39
7.19020085036755	6.86987585108727	15	39
4.22096823807806	3.23297882732004	17	39
1.92326498939656	2.69672273588367	18	39
2.64597630314529	4.16442270181142	20	39
3.0511312650051	4.91762386308983	21	39
1.72471734834835	9.9029068981763	22	39
6.32002579211257	7.04556126659736	24	39
7.96050116955303	3.95454673212953	25	39
4.15077379299328	6.31066462909803	26	39
1.05455190478824	6.41255368827842	27	39
8.330556004541	9.56857698131353	28	39
1.01061305892654	2.22072569280863	29	39
2.80621164361946	3.04484000336379	30	39
5.50095435511321	1.81612501782365	31	39
3.91152996057645	3.802575774258	32	39
4.12105158111081	6.23056891839951	33	39
4.99462523916736	7.80505655822344	36	39
7.21882428904064	3.97326215356588	37	39
8.41466182935983	6.25669163512066	38	39
6.46108035417274	6.90014075557701	39	39
9.7969763786532	6.13956804154441	40	39
8.77688962849788	7.48705358081497	41	39
7.96715943911113	7.16628418350592	43	39
9.37315294868313	1.59020615462214	44	39
4.2868835455738	6.57176029682159	47	39
4.84092371584848	4.90912131918594	48	39
6.29292850103229	2.83916984428652	49	39
1.99260905897245	9.60670170956291	50	39
7.38507362618111	6.00611003814265	51	39
8.37256178236567	3.23512917524204	52	39
7.77609662804753	7.93412520200945	53	39
9.81180565012619	8.65388404903933	54	39
3.63316974532791	9.25282795215026	55	39
8.69236824568361	7.99851256818511	56	39
5.9437990935985	5.79924704413861	58	39
4.49557984620333	5.11325707030483	60	39
9.23618989530951	5.63142358348705	61	39
3.58619192941114	7.95117679052055	62	39
7.06363543053158	6.52175159519538	63	39
8.63501002523117	9.31810676516034	66	39
1.09787105349824	8.93162619951181	69	39
1.77292206743732	6.73541932413355	71	39
6.70950382482261	6.11001512315124	72	39
4.79553529946134	5.72607484413311	73	39
4.69843648537062	1.01112001948059	74	39
5.74427193286829	9.26542636961676	75	39
2.06016100221314	3.20246287854388	78	39
6.63905330002308	7.76024546427652	79	39
7.52622958412394	2.24997059302405	80	39
5.9760536942631	5.2985126809217	81	39
6.82354895281605	3.41942294570617	82	39
1.41895241895691	5.98678228096105	83	39
6.17474290984683	5.67500852653757	84	39
4.51289909821935	9.71991611341946	85	39
2.27487657801248	7.99901200179011	86	39
1.54253763426095	8.8719568264205	87	39
3.84960516402498	8.16147773945704	88	39
1.75455668265931	2.5625111553818	89	39
8.42190976790153	8.01857858453877	90	39
1.7864344958216	5.27794028026983	91	39
2.60640466352925	4.18082328676246	93	39
2.73718851082958	6.24740261514671	95	39
2.92419478669763	7.66807960555889	96	39
9.56083874125034	7.83763795881532	97	39
5.37184763024561	9.35248561878689	98	39
4.94541317247786	7.68545151059516	99	39
1.15510757500306	8.09709088248201	100	39
6.26240666396916	1.51704340521246	1	40
7.15838269330561	7.60341997421347	3	40
9.93257899465971	1.81239008367993	4	40
5.81494226050563	6.6644504708238	5	40
7.04284804244526	4.10743030114099	7	40
3.65119940973818	6.31079569272697	8	40
4.22526686149649	2.25784263969399	9	40
2.57783277775161	2.41977545595728	10	40
5.93935647537001	5.22408495144919	11	40
5.54906532680616	9.18157780007459	12	40
2.74452825216576	3.69644587649964	13	40
7.19020085036755	6.86987585108727	15	40
6.76171692507342	4.03718668571673	16	40
1.92326498939656	2.69672273588367	18	40
1.88011829624884	3.04317952739075	19	40
2.64597630314529	4.16442270181142	20	40
3.0511312650051	4.91762386308983	21	40
1.72471734834835	9.9029068981763	22	40
8.39456579950638	5.09080258035101	23	40
7.96050116955303	3.95454673212953	25	40
4.15077379299328	6.31066462909803	26	40
1.05455190478824	6.41255368827842	27	40
8.330556004541	9.56857698131353	28	40
5.50095435511321	1.81612501782365	31	40
3.91152996057645	3.802575774258	32	40
5.9093854194507	9.96302973013371	34	40
1.36441024765372	5.62667223252356	35	40
4.99462523916736	7.80505655822344	36	40
7.21882428904064	3.97326215356588	37	40
8.41466182935983	6.25669163512066	38	40
6.46108035417274	6.90014075557701	39	40
9.7969763786532	6.13956804154441	40	40
7.96715943911113	7.16628418350592	43	40
9.37315294868313	1.59020615462214	44	40
5.28679099585861	2.89412002358586	45	40
9.25206986558624	6.25711731007323	46	40
4.2868835455738	6.57176029682159	47	40
4.84092371584848	4.90912131918594	48	40
6.29292850103229	2.83916984428652	49	40
1.99260905897245	9.60670170956291	50	40
7.38507362618111	6.00611003814265	51	40
8.37256178236567	3.23512917524204	52	40
9.81180565012619	8.65388404903933	54	40
3.63316974532791	9.25282795215026	55	40
8.69236824568361	7.99851256818511	56	40
1.77169884182513	3.36860472825356	57	40
9.27325991820544	6.34858938399702	59	40
4.49557984620333	5.11325707030483	60	40
9.23618989530951	5.63142358348705	61	40
3.58619192941114	7.95117679052055	62	40
7.60798494936898	5.93742112535983	64	40
4.97660236828961	2.20932514150627	65	40
8.63501002523117	9.31810676516034	66	40
1.09787105349824	8.93162619951181	69	40
8.57206166628748	1.42831612587906	70	40
1.77292206743732	6.73541932413355	71	40
4.79553529946134	5.72607484413311	73	40
4.69843648537062	1.01112001948059	74	40
1.81370076606981	1.02359614917077	76	40
5.82450771774165	5.45509176608175	77	40
2.06016100221314	3.20246287854388	78	40
6.63905330002308	7.76024546427652	79	40
7.52622958412394	2.24997059302405	80	40
6.82354895281605	3.41942294570617	82	40
1.41895241895691	5.98678228096105	83	40
6.17474290984683	5.67500852653757	84	40
4.51289909821935	9.71991611341946	85	40
2.27487657801248	7.99901200179011	86	40
1.54253763426095	8.8719568264205	87	40
3.84960516402498	8.16147773945704	88	40
8.42190976790153	8.01857858453877	90	40
1.7864344958216	5.27794028026983	91	40
8.58643524721265	7.07151806144975	92	40
5.41963291261345	6.4559543216601	94	40
2.73718851082958	6.24740261514671	95	40
2.92419478669763	7.66807960555889	96	40
9.56083874125034	7.83763795881532	97	40
5.37184763024561	9.35248561878689	98	40
4.94541317247786	7.68545151059516	99	40
1.15510757500306	8.09709088248201	100	40
